price_change_H,cd_vol,price_range_D,price_range_H,bb_trend,price_range_5DMA_diff,roc,bb_category,bb_spread,volume_15MA_diff,price_change_D,month,return_vol_10D,PrevClose-L,roc3,H-L,TR,volume_sum15,return_vol_5D_diff,price_3Ddiff,roc_15MA,macd_15MA_diff,rsi_15MA,SPY_5d_diff,return_vol_8H_diff,High-Close,DMminus,hour,return_vol_10D_diff,H-PrevClose,DMplus,DX,SPY_range_vol,Low-Close,price_5Ddiff,volume_sum15_10DMA_diff,rsi,cmf_15MA_diff,return_vol_5D,price_10Ddiff,day_of_week,High-Low,roc_15MA_diff,cmf,volume_sum15_5DMA_diff,SPY_20d,macd_15MA,day_of_month,adx,price_range_8MA_diff,cd_vol3,DIplus,return_vol_8H,price_20Ddiff,cmf_15MA,price_3D20D_diff,SPY_5d,SPY_20d_diff,rsi_15MA_diff,macd,roc5,DIminus,ret_vol_stddev40H_diff,volume_vol_stddev40H_diff,ret_vol_stddev20D_diff,range_vol_stddev40H_diff,range_vol_stddev20D_diff,close_20DMA_diff,close_10DMA_diff,max_30_diff,min_30_diff,roc_vol_15MA_diff,roc_vol,roc_vol3,roc_vol5,roc8H,roc8H_15MA_diff,rsiH,rsiH_15MA_diff,SPY_diff_H,SPY_diff_D,Objective
0,0,1,0,1,0,1,0,0,0,0,1,1,0,1,0,1,1,0,1,1,0,1,0,1,1,0,1,0,0,0,1,0,1,1,0,1,1,0,1,0,1,0,0,0,1,0,1,1,0,0,1,1,0,1,1,1,0,1,1,0,1,0,1,1,1,0,1,0,1,0,1,1,1,0,1,0,0,1,1,1,-23.0
0,1,1,1,1,1,0,1,1,1,1,1,1,0,1,0,1,0,1,1,0,1,1,1,1,0,0,1,1,1,1,0,0,0,0,1,1,0,0,0,0,0,1,1,1,1,0,0,1,0,1,1,0,0,0,0,0,0,1,1,0,0,1,0,1,0,0,1,0,1,1,0,0,0,0,1,0,0,0,0,0,-57.0
0,1,0,0,0,1,1,0,1,0,0,0,1,1,0,1,0,0,1,1,0,0,0,1,1,0,1,0,0,1,1,1,1,0,1,1,0,0,0,1,0,1,0,1,1,0,1,1,0,0,0,1,0,0,1,1,0,1,0,0,0,1,0,1,1,1,1,0,0,0,0,1,0,0,0,1,1,0,1,0,1,-42.75
0,0,0,1,1,0,0,0,0,0,1,1,1,0,1,1,0,1,0,1,1,1,0,1,1,0,1,1,1,1,1,0,1,1,0,0,1,0,1,0,1,0,0,0,1,0,0,0,1,0,1,1,1,0,1,0,1,1,1,1,1,0,0,1,1,0,1,1,1,1,1,1,0,0,0,1,0,1,1,0,0,-49.5
0,0,1,1,1,1,1,1,1,0,0,1,1,1,1,0,1,0,0,0,0,1,1,0,0,0,1,0,0,1,0,0,0,0,0,0,0,0,0,0,1,1,1,0,1,0,1,1,1,1,0,1,1,1,1,0,1,0,0,0,1,1,1,1,0,0,0,1,1,1,0,1,0,0,0,1,1,0,0,0,0,-39.0
0,1,0,1,0,1,1,1,0,1,1,1,0,1,1,1,0,0,1,1,1,0,0,1,1,0,1,0,0,0,1,0,1,1,1,0,1,0,1,1,0,0,1,1,0,1,1,0,0,1,1,1,1,0,0,1,1,1,1,0,0,1,0,1,0,0,1,1,0,1,1,0,1,1,0,0,0,0,1,1,1,-44.75
1,1,0,1,1,1,0,1,0,0,1,1,0,1,1,1,0,1,0,0,1,1,1,0,1,0,1,1,0,0,0,1,0,0,0,1,0,1,1,0,0,1,0,1,0,1,1,0,0,1,1,1,0,1,0,0,1,0,0,1,0,1,1,0,0,0,1,1,0,0,0,1,1,1,1,1,1,1,1,1,0,-43.0
1,0,0,0,0,0,0,1,0,1,1,0,1,1,0,0,1,1,1,1,1,1,1,0,0,1,1,1,0,0,1,0,0,1,0,0,1,1,1,1,1,0,1,0,1,0,0,1,1,0,0,0,0,1,0,1,1,0,1,1,1,1,0,0,1,0,0,1,1,0,0,1,0,0,0,1,0,0,0,1,0,-29.0
0,0,0,0,1,0,1,0,1,0,1,0,0,0,1,1,1,1,0,0,0,1,0,1,0,1,1,1,1,0,0,0,1,1,1,1,0,0,0,1,1,0,0,1,0,1,1,0,1,0,1,0,0,1,1,0,0,0,1,1,1,1,0,1,1,0,0,1,1,0,0,1,1,0,1,0,1,0,1,1,1,-37.25
1,1,0,1,1,1,0,1,1,0,0,1,0,0,0,0,0,0,1,0,0,0,0,0,0,0,0,1,1,1,0,0,1,0,0,0,0,0,0,0,0,1,0,1,0,1,1,1,1,1,1,0,0,0,1,1,1,1,0,1,0,0,0,1,0,1,1,1,0,0,1,1,1,0,1,1,0,0,1,0,0,-49.25
0,1,0,1,1,1,1,0,1,1,1,1,1,0,1,1,1,0,1,0,0,1,0,1,1,0,0,1,0,0,1,0,0,0,1,0,1,0,0,1,1,0,0,0,1,1,0,0,1,1,1,0,0,1,0,1,0,0,1,0,0,1,0,1,0,0,1,1,1,1,1,0,0,1,1,0,1,1,1,1,0,-27.75
0,0,1,1,1,0,0,0,0,1,1,1,1,0,1,1,1,1,0,1,1,1,1,1,1,0,1,1,1,1,1,0,0,1,0,1,1,0,1,0,1,0,1,0,1,0,0,0,1,0,1,1,1,0,0,0,0,0,1,1,1,0,1,0,1,0,0,1,1,1,1,0,0,0,0,1,0,1,0,0,0,-52.0
0,1,1,1,1,1,0,1,1,1,1,1,1,0,1,0,1,0,1,1,0,1,1,1,1,0,0,1,1,1,1,0,0,0,1,1,1,0,0,0,0,0,1,1,1,1,1,0,1,0,1,1,0,0,0,0,0,0,1,1,0,0,1,0,1,0,0,1,0,1,1,0,0,0,0,1,0,0,0,0,0,-44.5
0,1,0,1,1,1,0,1,1,1,1,1,1,0,1,0,1,0,1,1,0,1,1,1,1,0,0,1,1,1,1,0,0,0,0,1,1,0,0,0,0,0,1,1,1,1,0,0,1,0,1,1,0,0,0,0,0,1,1,1,0,0,0,1,1,0,1,1,0,1,1,0,0,0,0,1,0,0,1,0,0,-58.25
0,1,0,1,1,1,0,1,1,1,0,1,1,0,1,0,1,0,1,1,0,1,1,0,1,0,0,1,1,1,0,0,0,0,0,1,1,1,0,0,0,0,1,1,1,1,0,0,1,1,0,1,0,1,0,0,1,0,1,1,0,0,1,0,1,0,0,1,0,1,1,0,0,0,1,1,1,0,1,0,0,-61.0
0,1,0,1,1,1,0,1,1,1,0,1,1,0,1,0,1,0,1,1,0,0,1,0,0,1,0,1,1,1,0,1,0,0,0,1,1,1,0,0,0,1,1,1,0,1,0,1,1,1,0,0,0,1,0,0,0,0,1,0,0,0,0,1,1,0,1,1,0,1,0,0,0,0,1,1,1,0,1,0,0,-37.75
0,1,0,1,1,1,0,1,1,1,0,1,1,0,1,0,1,0,1,1,0,1,1,0,1,0,0,1,1,1,0,0,0,0,0,1,1,1,0,0,0,0,1,1,1,1,0,0,1,1,0,1,0,1,0,0,1,1,1,1,0,0,0,1,1,0,1,1,0,1,1,0,0,0,1,1,1,0,1,0,0,-54.5
0,1,0,0,0,1,1,1,1,1,0,1,1,1,1,0,1,0,1,1,0,0,1,0,1,0,0,0,1,1,0,1,0,0,0,1,1,1,0,1,0,0,1,1,0,1,0,1,1,1,0,1,0,1,0,0,0,0,1,1,0,0,1,0,0,0,0,1,0,1,1,0,1,0,1,1,1,0,1,1,1,-31.5
1,1,0,0,1,1,1,1,1,1,0,1,0,1,0,0,1,0,1,1,0,0,1,0,0,1,0,0,0,1,0,0,0,0,0,1,1,1,0,0,0,1,1,1,0,1,0,0,1,1,0,1,0,1,0,1,0,0,1,1,0,0,1,0,0,1,0,1,0,0,0,0,1,0,1,0,1,0,1,0,0,-48.25
0,1,0,1,1,1,0,1,1,1,0,1,1,0,1,0,0,0,1,1,0,1,1,1,1,0,0,1,1,1,0,0,0,0,0,1,1,1,0,0,0,0,0,1,1,1,0,0,1,1,0,1,0,0,1,0,0,0,1,1,0,0,1,0,1,0,0,1,0,1,1,0,0,0,1,1,1,0,0,0,0,-41.25
1,0,0,1,0,0,1,0,0,0,1,1,0,1,1,1,1,0,0,0,0,1,1,1,1,0,1,1,0,1,1,0,0,0,1,1,1,1,1,0,0,0,0,1,1,1,0,0,0,1,0,1,0,0,0,0,1,1,0,1,0,0,1,1,1,0,1,1,0,1,1,1,0,0,0,1,0,1,1,0,0,-38.0
1,1,0,0,1,0,1,0,0,1,0,0,1,0,0,0,1,0,0,0,0,1,1,1,1,0,0,1,0,0,0,0,0,1,1,1,1,0,1,0,0,1,0,1,1,0,1,0,0,0,0,1,0,1,0,1,1,1,1,1,1,1,1,1,0,1,0,1,1,1,1,0,1,1,1,1,1,1,1,0,1,-43.25
0,1,0,1,1,1,0,1,1,1,1,1,1,0,1,0,1,0,1,1,0,1,1,1,1,1,0,1,1,1,0,0,0,0,0,1,1,1,0,1,0,0,1,1,1,1,0,0,1,1,1,1,0,1,0,0,0,1,1,1,0,0,0,0,1,0,0,1,0,1,1,0,0,0,1,1,0,0,1,0,0,-51.5
0,1,0,0,1,1,1,1,1,1,0,1,1,0,1,0,1,0,1,1,0,1,1,0,1,0,0,0,1,1,0,0,0,0,0,1,1,0,0,0,0,1,1,1,1,1,0,0,1,1,0,0,0,1,0,0,0,0,1,0,0,0,1,0,1,0,0,1,0,1,0,0,1,0,0,1,1,0,1,1,1,-46.0
1,0,1,1,1,1,0,1,1,0,0,0,1,0,1,0,1,0,1,1,0,1,0,1,0,0,0,1,1,0,1,0,0,0,0,0,1,0,0,0,0,0,1,1,1,1,0,0,1,1,0,1,0,0,0,1,0,1,0,1,0,0,1,0,1,1,0,1,1,1,1,1,0,0,0,1,1,0,0,0,0,-42.75
0,1,0,1,1,1,0,1,1,1,0,1,1,0,1,0,1,0,1,1,0,1,1,0,0,0,0,1,1,1,0,0,0,0,0,1,1,1,0,0,0,0,1,1,1,1,0,0,1,0,0,1,0,1,0,0,1,0,1,1,0,0,1,0,0,0,0,1,0,1,1,0,0,0,1,1,1,0,1,0,0,-51.25
0,1,0,1,0,1,0,1,1,1,0,1,1,1,0,0,1,0,1,1,0,1,1,0,1,0,0,1,1,1,1,0,0,0,0,1,1,0,0,0,0,0,1,1,1,1,0,0,1,0,1,1,0,0,0,0,1,0,1,1,0,1,1,0,1,1,0,1,0,0,1,0,0,0,0,1,1,0,1,0,0,-57.25
0,1,0,1,0,1,0,1,1,1,0,1,1,0,1,0,0,0,1,0,0,1,1,0,1,0,0,1,1,1,1,0,0,0,0,0,0,0,0,0,0,0,1,1,1,1,1,0,1,0,0,1,0,0,0,0,1,0,1,1,0,1,1,0,1,0,0,1,0,1,1,1,0,0,0,1,1,0,1,0,0,-62.75
1,0,0,1,0,0,1,1,0,1,1,0,0,0,1,0,0,1,1,0,1,0,1,0,1,0,0,0,0,1,0,1,0,1,0,0,0,0,1,0,1,0,1,1,1,0,1,0,1,1,1,0,0,0,0,0,0,0,1,1,1,1,1,0,1,1,0,1,1,0,1,1,1,0,0,1,1,0,1,0,1,-58.5
0,1,0,1,0,0,0,1,1,1,1,1,0,1,1,0,0,0,1,0,0,1,1,0,1,1,0,1,0,1,1,1,0,1,0,0,0,1,1,0,0,1,1,1,0,0,1,0,0,1,0,1,0,1,0,0,0,0,1,1,1,0,1,1,1,0,0,0,0,1,0,0,1,0,0,0,1,0,0,0,0,-53.75
0,1,0,1,0,1,0,1,1,1,0,1,1,0,1,1,0,0,1,0,0,1,0,0,1,0,0,1,1,0,1,0,1,0,0,0,0,0,0,0,0,1,1,0,1,1,1,0,0,0,0,1,0,0,0,0,1,0,1,1,0,1,1,0,1,0,0,1,0,1,1,1,0,1,0,1,1,0,1,0,0,-67.0
0,1,0,1,0,1,0,1,1,0,0,0,1,0,0,1,0,1,1,0,0,1,0,0,1,0,1,0,1,0,0,0,1,0,0,0,1,0,0,0,1,0,1,0,1,1,1,0,1,0,0,0,0,0,0,0,1,1,1,1,0,1,0,0,1,1,1,1,0,0,1,1,0,0,1,1,1,0,1,0,0,-59.0
1,1,0,0,0,1,1,1,1,1,0,0,1,1,0,1,0,0,0,0,1,1,1,0,1,0,1,1,1,0,1,0,1,0,0,0,0,0,0,0,1,1,1,0,0,1,1,0,0,0,0,1,1,0,0,0,1,1,1,1,0,1,1,0,0,1,0,1,0,0,0,1,1,1,0,1,1,0,1,0,0,-46.5
1,0,0,1,0,1,1,1,0,1,0,0,0,1,0,1,0,1,1,0,1,0,0,0,1,0,0,0,0,0,1,1,1,0,0,0,0,0,0,1,0,1,1,0,1,1,1,0,0,0,0,0,0,0,0,0,1,1,1,1,0,1,1,0,1,1,1,0,1,0,1,1,1,1,0,0,1,0,1,0,1,-49.5
1,0,0,1,0,0,1,1,0,1,0,0,0,1,0,1,0,1,0,0,1,0,0,0,1,1,0,0,0,0,1,1,1,1,0,0,0,0,1,0,1,1,1,0,0,0,1,0,0,0,0,0,0,0,0,0,1,0,1,0,1,1,1,1,0,1,0,1,1,0,0,1,1,1,0,0,1,0,1,1,1,-51.75
1,1,0,1,0,1,0,1,1,1,0,0,1,1,0,1,0,0,0,0,1,1,0,0,1,0,1,1,1,0,1,0,1,0,0,0,0,0,0,0,1,1,1,0,0,1,1,0,0,0,0,1,1,0,0,0,1,0,1,1,0,1,1,0,0,1,0,1,0,0,1,1,0,1,0,1,1,0,1,0,0,-47.25
0,1,0,1,0,1,0,0,0,1,0,0,0,1,0,1,0,1,0,0,0,0,0,0,1,0,0,0,1,0,1,0,1,0,0,0,0,0,0,0,0,0,1,0,0,0,1,0,0,0,0,0,0,0,0,0,1,0,1,0,0,1,1,0,1,1,0,0,0,0,1,1,0,1,1,0,1,1,1,0,0,-23.5
0,1,0,1,0,0,0,1,1,0,0,0,0,0,1,1,0,1,1,0,0,1,0,0,1,0,1,0,0,0,1,0,1,1,0,0,0,0,1,0,1,0,1,0,0,1,1,0,0,0,0,0,0,0,0,1,1,0,0,1,1,1,1,0,0,0,0,0,0,0,1,1,0,1,1,0,0,0,1,0,0,-55.75
0,1,0,1,0,1,0,1,0,1,0,0,0,1,0,1,0,0,1,0,0,1,0,0,1,0,1,1,1,0,1,0,1,1,0,0,0,0,0,0,0,1,1,0,1,1,1,0,0,0,0,0,0,0,0,1,1,0,1,1,1,1,1,0,0,1,0,1,1,0,1,1,0,1,0,1,1,0,1,0,0,-41.0
1,0,0,0,0,0,0,0,0,0,0,0,0,0,1,1,0,1,0,0,1,1,0,0,1,0,1,0,1,0,1,0,1,1,0,0,0,0,0,0,1,0,1,0,0,0,1,1,0,0,0,0,0,0,0,1,1,0,1,1,0,1,1,0,0,0,0,0,0,1,1,1,0,1,1,1,0,1,1,0,0,-16.5
0,0,0,1,1,1,1,1,0,1,0,1,1,1,0,0,0,1,0,0,0,0,1,1,0,0,1,0,0,1,0,1,0,1,0,0,1,0,1,0,0,0,1,1,1,1,0,1,1,0,1,0,0,1,0,0,0,1,0,1,1,1,0,0,1,1,1,1,1,1,0,1,0,1,0,1,0,0,0,0,1,-38.0
0,1,0,1,1,0,0,1,1,0,0,0,1,0,1,1,0,1,1,0,1,1,0,1,1,0,1,0,1,0,1,0,1,0,0,0,0,0,1,0,1,1,1,0,1,1,1,0,0,0,0,0,0,0,0,0,1,0,0,1,0,1,1,0,1,0,0,0,0,1,1,1,0,1,1,1,0,0,1,1,0,-46.75
0,0,1,0,1,0,0,1,0,1,1,1,1,0,1,1,0,0,1,1,0,1,1,0,1,1,0,0,0,1,0,1,0,0,0,1,1,1,0,0,1,0,1,0,0,0,0,0,0,0,1,0,1,1,0,1,1,0,0,0,1,0,0,1,0,1,0,0,1,1,0,1,0,1,1,0,0,0,0,1,1,-40.25
1,0,1,1,1,0,0,0,0,0,0,0,0,0,1,0,0,0,1,0,1,0,1,1,0,1,1,0,1,0,0,1,1,0,0,1,1,0,0,0,1,1,1,1,0,0,1,0,1,1,1,0,0,1,0,0,1,0,0,1,1,0,0,1,1,0,0,1,1,1,1,1,1,1,1,1,0,0,0,0,1,-43.5
1,1,0,0,0,1,1,1,0,0,0,0,1,1,0,1,0,0,1,0,0,1,0,0,1,1,1,1,1,0,1,0,1,0,0,0,0,0,0,0,0,1,1,0,1,0,1,0,0,0,0,1,1,0,0,0,1,0,1,1,0,1,1,0,1,1,0,1,0,0,1,1,1,1,0,1,1,0,1,0,0,-48.25
1,0,0,1,1,0,0,1,0,1,1,1,0,0,1,1,1,1,0,1,1,0,1,0,0,0,0,1,0,1,0,0,0,0,0,0,0,0,1,0,1,0,1,1,1,1,1,0,1,1,1,1,0,0,0,1,1,0,1,0,0,1,1,1,0,0,1,0,1,0,0,1,0,0,0,1,1,0,1,0,1,-47.5
1,1,0,0,1,1,0,0,1,0,0,1,0,1,0,0,0,1,1,0,0,0,0,1,0,1,1,1,1,1,0,0,1,0,0,0,1,1,0,0,1,1,0,1,0,1,1,1,1,0,1,0,1,1,0,1,0,0,0,0,1,0,1,0,0,0,1,1,0,1,0,0,0,1,1,0,0,1,1,0,0,-42.75
0,1,0,1,0,1,0,1,0,1,1,0,1,0,1,0,0,1,1,0,0,0,0,0,1,1,0,0,1,0,0,0,1,0,0,1,0,0,1,0,1,0,1,0,1,0,0,0,0,0,0,0,0,1,0,0,0,0,0,1,0,1,0,1,1,1,0,1,0,1,1,0,0,1,0,1,1,1,1,0,0,-52.25
1,0,0,1,0,0,1,1,0,1,1,0,0,0,1,1,0,1,1,0,1,0,0,0,1,0,0,0,0,0,0,1,1,1,0,0,0,0,1,0,1,1,1,0,1,0,1,0,0,0,0,0,0,0,0,0,0,0,0,1,1,1,1,1,1,0,1,1,1,1,1,1,1,1,0,1,1,1,1,0,1,-57.75
0,1,0,1,0,0,0,1,0,1,0,0,1,1,0,1,0,1,1,0,0,1,0,0,1,0,0,1,1,0,1,0,1,0,0,0,0,0,0,0,1,1,1,0,1,0,1,0,0,0,0,1,0,0,0,0,1,0,1,1,0,1,1,0,0,1,1,0,0,0,1,1,0,1,0,1,1,1,1,0,0,-55.75
0,0,0,1,0,0,0,1,1,0,0,1,1,1,0,1,0,0,1,0,0,1,0,0,1,0,1,0,1,0,1,0,1,0,0,0,0,0,0,0,1,1,1,0,1,1,1,0,0,0,0,0,0,0,0,0,1,0,1,0,0,1,1,1,1,1,1,1,0,0,1,1,0,1,1,0,1,0,1,0,1,-49.5
1,1,1,0,1,1,0,1,0,0,0,1,1,1,0,1,0,0,1,1,1,1,0,1,1,1,1,0,1,0,1,1,0,1,0,0,0,0,0,0,1,1,1,0,1,0,0,0,0,1,0,1,0,0,0,0,0,1,0,0,1,0,1,1,0,1,0,1,0,0,0,1,1,0,1,0,1,0,1,0,0,-57.5
0,1,0,1,0,1,0,1,1,0,0,0,1,0,0,1,0,1,1,0,0,1,0,0,1,0,0,1,1,0,0,0,1,0,0,1,1,0,0,0,0,1,1,0,1,1,1,0,0,0,0,0,0,0,0,0,1,0,1,1,0,1,1,0,1,1,1,1,0,0,1,0,0,1,0,1,1,0,1,0,0,-52.25
1,1,1,0,0,0,0,1,0,0,1,0,0,1,1,0,1,0,0,0,1,1,1,0,1,0,1,0,0,0,0,1,1,1,0,0,1,0,0,0,0,1,1,1,1,1,1,1,0,1,1,1,1,0,1,0,0,1,0,1,1,1,1,0,1,1,0,1,1,1,1,0,1,0,0,1,1,1,0,0,1,-21.5
0,1,1,1,1,1,0,0,1,1,1,1,1,1,1,0,0,0,0,1,1,1,0,0,0,1,1,1,1,0,0,0,0,1,0,0,1,0,0,1,1,0,1,0,0,0,0,0,0,1,0,0,1,1,0,0,1,1,1,1,1,0,1,0,1,1,1,0,1,0,1,0,0,0,0,0,0,1,1,1,1,-48.75
1,1,0,1,1,1,1,1,1,0,1,1,1,0,1,1,0,0,1,1,0,1,0,0,1,0,0,1,1,0,0,0,1,0,0,0,0,1,1,0,0,1,1,0,0,0,0,0,0,0,1,1,0,0,0,0,0,0,0,0,0,0,1,0,1,0,0,1,0,1,0,1,0,1,0,1,0,1,1,0,0,-51.75
0,1,0,0,0,0,0,0,1,1,0,0,1,1,1,0,0,0,1,1,0,1,0,0,0,1,1,1,0,0,1,1,0,1,0,0,1,0,0,0,0,0,0,1,1,0,0,1,0,0,0,1,0,0,1,0,1,1,0,1,1,0,0,0,0,0,1,1,1,0,1,0,0,1,1,0,0,1,0,0,1,-28.25
0,0,0,1,1,1,0,1,0,1,1,0,0,0,0,1,0,1,0,1,1,1,0,0,0,1,0,1,0,0,0,1,1,1,1,1,0,1,1,1,0,0,0,1,1,0,1,1,1,0,1,1,1,1,0,1,1,1,0,0,1,1,0,1,0,0,0,0,1,1,1,0,0,1,0,1,1,0,0,0,1,-42.5
0,0,1,1,1,0,0,1,1,1,1,0,0,1,1,0,1,1,1,1,0,0,0,1,1,0,1,1,0,1,1,1,0,0,0,1,0,0,1,0,0,0,0,0,0,0,0,0,1,0,1,1,0,0,1,1,0,1,0,1,0,1,1,1,0,0,1,1,1,0,0,1,1,1,0,1,1,0,0,0,1,-52.5
1,1,0,0,0,1,0,1,1,0,0,0,1,1,1,0,1,1,0,0,1,0,1,0,0,0,0,0,0,0,0,1,0,0,0,0,0,1,1,0,1,1,0,1,0,1,1,1,1,0,1,1,1,1,1,1,0,1,0,1,1,0,1,1,0,1,1,1,1,0,0,1,0,0,0,0,1,0,0,0,1,-39.25
0,1,0,1,0,1,0,1,1,1,0,1,1,0,0,1,1,0,1,0,0,1,0,0,1,0,0,1,0,0,1,0,1,0,0,0,0,0,0,0,0,0,1,0,1,1,1,0,0,0,0,1,0,1,0,1,1,0,1,1,0,1,1,0,1,1,1,1,0,1,1,1,0,1,1,1,1,0,1,0,0,-53.0
0,0,0,1,0,0,0,1,0,0,0,1,0,1,1,1,0,0,1,0,0,0,0,0,1,1,1,0,0,0,1,0,1,1,0,0,0,0,0,0,0,1,1,0,1,0,1,0,0,0,1,1,0,0,0,0,1,0,1,1,1,1,1,1,1,0,0,1,0,0,1,1,0,1,0,0,1,0,1,0,0,-58.25
0,1,0,1,0,0,0,1,0,0,0,0,0,1,0,1,0,0,1,0,0,1,0,0,1,1,1,1,1,0,1,0,1,0,0,0,1,0,0,0,0,0,1,0,1,0,1,0,1,0,1,1,0,0,0,1,1,0,0,1,0,1,0,1,1,1,1,1,0,0,1,1,0,0,1,0,1,0,1,1,0,-48.25
0,1,0,1,0,1,0,1,1,0,0,1,1,0,1,1,1,0,1,1,0,1,0,0,1,0,0,1,1,0,1,0,1,0,0,1,1,0,0,0,0,1,1,0,1,1,0,0,0,0,1,1,0,0,0,0,1,0,1,1,0,1,1,0,1,0,0,1,0,1,1,0,0,1,0,1,1,0,1,0,0,-64.75
0,1,1,0,0,0,1,1,0,1,0,0,1,1,1,0,1,1,1,0,0,0,0,1,1,1,0,1,0,1,1,1,1,0,0,0,1,0,0,0,1,1,0,0,1,1,0,0,0,1,0,1,0,1,0,1,1,0,0,0,0,0,1,0,0,0,1,1,1,0,1,1,0,1,0,0,1,1,1,0,1,-32.5
1,0,1,0,0,1,1,1,0,1,1,1,0,0,1,0,1,0,0,1,1,0,1,1,0,1,0,1,0,1,0,1,0,1,0,1,0,1,1,0,1,1,1,1,1,1,0,0,1,0,0,1,1,1,1,0,0,1,1,1,0,0,1,1,0,0,1,1,1,1,0,0,0,0,0,0,1,0,0,0,1,-48.0
0,1,0,0,1,0,1,1,1,1,1,0,1,1,1,0,0,0,0,1,1,0,1,1,1,1,0,0,0,0,1,1,0,0,0,0,1,1,1,0,0,1,1,0,0,1,1,0,0,0,0,1,0,1,1,0,1,1,1,1,0,0,1,0,1,0,0,0,1,0,1,1,0,1,1,0,1,1,0,1,1,-28.25
1,1,0,0,1,0,1,1,0,0,0,0,1,0,1,1,1,1,1,1,0,1,1,0,1,0,0,1,0,0,1,1,0,0,0,1,1,0,1,0,0,0,1,0,1,0,0,0,1,1,0,1,0,0,0,0,0,0,0,0,0,1,0,0,0,0,0,0,0,0,1,1,0,0,1,1,0,1,0,0,1,-57.5
1,0,0,0,0,0,0,1,1,1,1,0,0,0,1,1,0,1,0,0,0,0,0,1,1,0,1,1,0,0,1,1,1,0,0,0,1,1,1,0,0,0,1,0,1,0,1,0,1,0,1,1,0,1,1,0,0,1,1,0,0,1,0,0,0,0,0,0,0,0,0,1,0,1,0,0,1,1,1,0,0,-50.75
0,0,1,1,1,0,0,1,1,1,0,1,1,1,0,1,1,1,1,1,0,1,0,1,0,0,1,0,0,1,0,0,0,1,1,0,0,0,0,1,1,1,0,0,1,0,0,1,1,0,0,0,0,0,0,1,1,1,1,1,1,0,0,0,0,0,1,0,0,0,1,1,1,0,1,0,1,1,1,1,1,-38.75
0,1,1,0,0,1,1,1,1,1,0,1,0,0,1,1,1,1,1,0,0,0,0,0,1,0,1,0,1,0,0,0,1,0,0,0,0,1,0,0,1,1,1,1,1,1,0,0,1,1,0,1,0,0,1,0,0,0,1,0,1,1,1,1,1,0,1,0,0,1,1,1,0,0,0,1,1,1,1,0,0,-16.0
1,0,0,0,1,1,0,1,1,1,1,0,0,0,0,0,1,1,1,0,0,0,1,1,1,0,1,1,0,1,1,0,1,1,0,1,0,0,1,0,1,1,0,0,0,0,1,0,1,0,1,0,0,0,1,1,0,1,1,1,0,1,0,1,0,0,1,1,1,0,0,1,1,0,0,1,1,0,1,0,1,-46.25
0,1,0,1,1,1,1,1,0,0,1,1,0,0,1,1,0,1,0,0,0,0,1,1,1,1,0,0,0,1,1,1,1,0,0,0,1,1,1,0,0,1,1,1,0,1,0,0,1,1,1,1,0,0,0,0,0,0,1,0,1,0,1,1,0,1,1,0,0,1,0,1,1,1,1,0,1,1,0,0,0,-55.0
0,0,0,1,1,1,0,1,1,0,0,0,1,0,0,1,0,1,1,1,1,1,0,1,1,0,1,0,1,0,0,1,1,0,0,0,1,0,0,0,0,1,1,0,1,1,1,0,1,1,1,0,0,0,0,0,1,1,1,0,1,0,0,0,1,0,1,0,0,0,1,1,1,0,1,0,1,0,0,0,1,-38.5
1,0,0,1,0,1,1,1,1,1,0,0,1,0,0,1,1,0,1,0,0,0,1,1,0,0,1,0,0,0,0,0,0,0,0,1,1,0,1,0,0,0,1,0,0,0,1,0,1,0,0,0,0,0,0,0,0,1,0,0,0,1,0,1,1,0,1,0,0,1,1,1,0,0,0,0,0,1,1,0,0,-45.25
0,1,1,1,0,0,1,1,0,1,0,1,1,0,1,0,1,1,1,1,0,1,0,0,1,1,0,0,1,0,1,1,0,0,0,1,1,0,0,0,1,0,1,0,1,1,0,0,0,1,0,1,0,0,0,0,0,0,1,1,0,1,1,0,1,1,1,0,0,1,0,1,0,0,1,1,0,1,0,0,1,-56.0
0,0,0,1,0,0,0,1,0,0,1,1,0,0,1,0,0,0,1,0,0,0,1,0,1,0,0,1,0,1,1,1,1,0,0,0,0,1,1,0,0,0,1,1,0,0,1,0,1,0,1,0,0,0,0,0,1,0,1,1,0,1,1,1,0,1,0,1,0,0,0,1,0,0,1,1,1,0,1,0,0,-53.25
1,1,1,1,1,0,1,1,1,1,1,1,0,0,1,1,1,1,0,0,0,0,0,0,1,1,1,0,0,0,1,0,0,1,0,0,0,1,0,0,0,0,1,0,1,1,1,0,0,0,1,1,0,0,0,0,1,0,1,1,1,0,1,1,0,1,0,1,0,0,1,0,0,0,0,1,1,0,0,0,0,-37.0
1,1,1,1,1,0,0,1,1,0,1,1,1,1,1,0,0,0,1,0,1,1,1,0,1,1,1,1,1,0,1,1,0,1,0,1,1,1,1,0,0,1,1,1,1,1,1,0,1,1,1,0,1,0,0,0,0,1,0,0,0,0,0,0,0,0,0,1,1,0,0,0,0,0,0,0,1,1,1,1,1,-51.5
0,1,0,1,1,1,0,1,1,1,1,1,1,1,1,1,0,1,1,1,0,1,0,0,1,1,0,1,1,0,1,0,1,1,0,0,1,0,0,0,0,1,1,0,1,1,1,0,0,0,0,1,0,0,0,0,0,0,0,1,1,0,0,0,1,0,1,1,0,1,1,1,0,0,0,1,0,0,1,0,0,-59.0
0,0,1,1,1,1,0,1,0,1,0,0,0,1,1,0,0,1,1,1,0,0,1,0,1,0,0,1,0,0,0,0,0,0,0,1,1,0,0,0,1,0,0,1,1,0,0,1,0,0,1,0,0,1,1,1,0,1,1,0,0,1,1,1,1,1,1,1,1,1,0,1,1,1,0,0,1,1,1,1,1,-51.25
1,0,1,1,0,0,0,0,0,1,1,1,1,0,1,1,1,0,0,1,1,1,0,1,1,1,1,1,1,0,0,1,0,1,0,1,0,1,0,1,0,1,1,1,1,0,1,0,1,1,1,1,1,0,1,0,1,0,0,1,0,0,0,1,0,0,0,1,0,0,1,1,0,0,0,1,1,0,1,1,0,-39.75
0,1,1,1,1,1,1,1,0,0,0,0,0,0,0,1,0,0,1,0,0,1,1,0,1,0,1,0,0,1,0,1,1,1,0,0,0,0,1,0,1,0,1,1,0,0,1,0,0,1,0,1,0,1,0,0,1,1,0,1,0,1,1,0,1,1,0,0,0,1,1,1,0,1,1,1,1,0,1,0,1,-43.0
1,1,0,1,0,1,1,1,1,0,0,0,1,1,1,1,1,1,1,0,1,0,1,1,1,1,0,0,0,0,0,1,0,1,0,0,0,1,0,0,1,1,1,1,0,1,1,0,1,0,1,1,0,1,0,1,1,0,1,1,1,1,0,0,1,1,0,1,0,1,1,0,1,0,1,1,1,0,0,0,0,-28.75
0,1,0,1,0,0,0,1,1,1,1,1,1,0,1,1,0,1,1,0,0,1,0,0,1,1,1,0,0,0,1,0,0,0,0,0,1,0,0,0,1,1,1,0,1,0,0,0,1,0,0,1,0,0,0,0,0,1,1,1,1,0,1,0,0,0,0,1,0,0,1,0,1,1,0,1,1,0,1,0,1,-39.5
0,1,0,1,0,0,1,1,0,0,0,0,0,0,0,0,1,0,1,0,0,1,0,1,1,0,1,0,0,1,1,1,0,0,0,1,1,1,1,1,1,1,1,0,0,1,1,1,1,1,1,0,0,1,0,0,0,0,1,1,1,1,1,0,0,1,0,1,1,0,1,0,1,1,1,1,1,0,0,1,1,-45.25
0,1,1,0,0,1,1,1,0,1,1,1,0,1,0,1,0,1,1,0,1,1,0,1,1,0,1,1,1,0,1,1,0,1,0,0,1,0,0,0,0,1,1,0,1,1,0,1,0,0,1,0,0,0,0,0,0,1,0,0,1,1,0,0,1,1,1,1,0,0,0,1,0,1,0,1,0,1,1,0,0,-46.25
1,0,0,0,0,0,0,1,1,0,1,0,1,1,1,0,0,1,1,0,1,0,1,0,0,1,0,1,1,1,0,0,0,0,0,0,0,0,0,0,0,1,1,1,1,0,0,1,1,0,0,0,0,1,0,1,1,0,0,0,0,0,1,1,1,1,0,0,1,1,1,1,1,0,1,0,1,1,1,0,1,-24.25
0,0,0,1,0,0,0,1,0,0,1,0,0,0,1,0,0,1,1,0,0,1,1,1,1,1,1,0,0,1,0,0,0,0,0,0,1,0,1,0,1,0,1,1,0,0,0,0,1,1,1,1,0,0,0,1,0,0,0,0,1,1,0,0,1,0,1,0,0,1,1,1,1,0,1,0,0,1,1,0,1,-48.25
0,1,1,1,0,0,1,1,0,0,0,0,0,1,1,1,0,1,0,1,1,1,0,1,0,1,1,0,1,1,1,1,0,0,0,1,1,0,1,1,0,0,0,0,1,0,0,0,1,1,1,1,1,1,1,0,1,1,0,0,0,0,1,0,1,0,1,0,0,1,0,0,0,1,0,0,1,1,0,0,1,-39.75
0,0,1,0,1,1,0,0,1,0,0,1,1,1,1,0,0,0,1,0,1,0,1,1,0,0,0,1,1,0,0,0,1,1,0,0,1,1,1,1,1,1,0,0,1,1,0,0,1,1,0,1,1,1,0,0,0,0,1,1,1,1,0,0,1,1,1,0,1,0,1,0,1,1,0,1,0,1,0,0,1,-48.25
0,0,1,0,0,1,0,1,0,1,1,1,0,1,0,1,0,0,0,1,1,1,0,1,0,0,0,0,1,1,0,0,1,1,0,0,0,1,1,1,1,1,1,1,0,1,0,0,1,0,0,0,1,1,0,1,1,1,0,1,1,1,1,0,0,0,1,1,1,1,1,1,1,1,1,0,1,1,1,1,1,-36.25
0,1,0,0,1,0,0,1,0,0,1,1,1,0,1,1,0,0,1,1,0,0,0,0,1,0,1,1,1,0,0,1,1,0,0,0,0,1,1,0,0,1,1,0,1,0,0,0,0,0,1,0,0,1,0,0,0,0,1,0,1,0,1,1,1,0,0,1,0,1,1,1,0,0,0,1,1,0,1,0,0,-49.5
1,1,0,0,1,1,1,1,0,1,1,1,1,0,1,0,1,0,1,0,0,1,1,0,1,0,0,0,1,1,1,0,0,0,0,0,0,0,0,0,1,0,1,0,1,0,1,0,0,1,1,1,0,0,0,0,1,0,0,1,1,0,1,0,0,0,0,0,0,0,1,1,0,1,0,1,1,1,0,0,1,-50.5
1,1,0,1,1,0,0,1,1,1,1,0,0,1,1,1,0,1,1,0,1,1,1,0,1,0,1,0,1,0,1,0,0,1,0,0,0,0,1,0,0,0,1,1,0,1,1,0,1,0,1,1,1,1,0,0,0,0,0,0,1,0,0,1,1,0,1,1,0,1,0,1,1,0,1,0,0,0,0,1,0,-45.75
0,1,0,1,0,0,0,1,0,1,0,1,0,1,1,1,0,1,1,1,1,1,0,0,0,1,0,1,0,1,0,0,0,0,0,0,0,0,0,0,0,0,1,0,0,0,0,0,0,1,1,1,1,1,0,0,0,0,1,1,0,0,0,1,0,1,1,0,0,0,0,1,0,0,0,1,0,0,1,0,1,-56.75
1,1,0,1,1,1,1,1,0,1,0,1,1,0,1,0,1,1,1,0,0,0,0,1,1,0,0,0,1,0,0,0,1,0,0,1,1,0,1,0,0,1,1,0,1,1,0,0,0,0,1,1,1,0,0,0,0,0,0,1,0,0,0,0,1,0,0,1,0,0,1,0,0,1,1,1,1,0,1,0,1,-69.25
1,0,0,0,1,0,0,1,1,0,1,0,0,0,1,0,0,0,1,0,0,1,1,1,0,0,0,1,0,0,1,0,0,1,0,0,1,0,0,1,0,1,1,1,0,0,0,1,1,0,1,1,1,1,0,0,0,0,1,0,1,1,1,0,1,0,0,1,0,0,0,1,0,1,1,1,1,1,1,0,0,-40.5
1,0,0,0,1,0,1,1,1,1,0,1,1,1,1,1,0,1,1,0,0,0,0,1,1,1,1,0,0,0,0,1,1,0,0,1,1,1,1,0,0,1,1,0,1,0,0,0,0,0,0,1,0,0,0,0,1,0,0,1,0,0,1,1,1,1,0,1,0,0,1,1,0,0,0,0,1,1,1,0,0,-45.25
1,1,0,1,1,1,1,1,0,1,1,0,1,0,0,1,0,1,0,0,0,1,0,1,1,0,1,1,1,0,1,0,1,1,0,0,0,0,1,0,0,0,1,0,1,1,1,0,0,1,0,1,1,0,0,0,0,0,1,0,0,0,0,0,0,0,0,1,0,0,1,1,0,1,1,1,1,0,0,0,1,-53.25
1,1,0,1,0,0,1,1,0,0,1,1,1,0,1,0,0,1,1,0,0,1,1,0,1,0,0,1,1,0,1,0,1,0,0,0,1,0,0,0,0,1,1,1,1,0,0,0,0,0,0,1,1,1,0,0,1,0,0,1,0,0,0,0,0,0,0,1,0,0,1,0,0,1,0,0,0,0,0,0,1,-58.75
0,0,1,1,1,1,0,0,0,1,1,1,1,0,0,1,1,0,1,0,0,1,0,0,1,0,0,1,1,1,1,1,1,1,0,0,1,0,1,0,0,1,1,1,0,0,0,0,1,1,1,1,1,0,0,0,1,1,1,0,0,0,0,1,1,1,0,0,0,0,0,1,1,1,1,1,0,0,1,0,0,-61.25
0,1,0,1,1,1,1,0,1,0,1,1,1,0,1,0,0,0,1,0,0,0,1,0,0,0,0,1,1,0,1,0,0,0,0,0,1,0,1,0,0,0,1,1,1,1,1,0,0,0,0,1,1,0,0,0,0,0,1,0,0,1,0,0,1,0,0,0,0,1,1,1,0,0,0,1,1,0,1,1,0,-55.0
0,1,0,1,0,0,0,0,0,0,1,0,0,0,1,0,1,1,1,0,0,1,0,0,1,1,1,1,1,0,0,0,1,0,1,1,0,0,0,0,1,0,1,0,1,0,1,1,0,1,0,0,1,1,1,0,0,1,0,1,1,1,1,1,0,0,0,0,1,1,1,0,0,1,1,1,0,1,0,0,0,-46.0
1,1,1,0,1,1,1,1,0,0,1,0,1,0,1,0,0,0,1,0,0,0,0,0,1,1,1,0,1,1,1,0,1,1,0,1,0,1,1,0,0,0,1,0,1,1,1,0,1,0,1,1,0,1,0,0,1,0,0,1,0,1,0,1,1,0,1,1,1,0,1,0,0,1,1,0,0,0,0,1,1,-43.5
1,1,0,1,0,0,1,0,0,0,1,1,1,0,1,0,0,1,1,0,1,0,0,0,1,0,0,0,1,0,0,1,1,0,0,1,1,0,1,0,1,1,1,0,1,1,1,0,1,1,0,1,1,1,0,0,0,0,0,1,0,0,1,1,1,0,0,0,0,1,1,1,0,0,1,0,1,1,1,0,0,-50.5
0,1,0,1,1,0,0,0,0,1,0,1,1,0,1,1,0,0,1,0,0,1,0,0,1,0,1,1,1,0,1,0,1,1,0,0,0,0,1,0,0,1,1,1,1,1,1,0,1,0,0,1,1,0,0,0,0,0,1,0,0,1,0,1,1,0,0,1,0,0,1,1,0,0,1,1,0,0,1,1,1,-57.25
0,0,1,1,1,0,0,0,0,0,1,1,1,0,1,0,0,1,1,0,0,1,1,1,0,0,1,1,1,0,1,0,1,1,0,1,1,0,0,1,1,0,0,1,0,1,0,0,0,1,1,1,1,1,0,0,0,1,0,1,0,0,1,1,1,0,0,1,0,1,0,0,0,0,1,0,0,0,0,1,0,-65.5
1,1,0,1,0,0,1,1,0,0,0,1,1,0,1,0,0,1,1,0,0,0,0,0,1,0,0,1,1,0,0,0,1,0,0,1,1,0,1,0,0,1,1,1,1,0,0,0,1,0,0,1,1,1,0,0,1,0,1,1,0,1,0,1,1,0,0,1,0,1,1,0,0,1,1,0,1,0,1,0,1,-63.25
0,0,1,0,1,1,0,0,0,0,1,1,1,0,1,0,1,1,1,0,0,1,0,1,1,1,1,0,1,0,1,0,1,0,0,0,1,0,0,1,1,0,0,1,0,1,1,0,1,0,0,1,1,1,0,0,1,1,0,0,1,1,1,1,1,1,0,0,0,1,0,0,0,1,1,1,0,0,1,1,1,-50.5
0,1,1,1,1,0,1,0,0,1,0,1,1,0,1,1,0,1,1,0,0,0,0,1,0,0,0,1,1,0,0,0,1,0,0,1,1,0,1,0,1,1,0,0,1,0,0,0,0,1,0,1,1,1,0,0,0,1,1,1,0,0,0,0,1,1,1,1,0,0,0,1,1,1,1,0,0,0,1,0,0,-56.25
0,0,1,1,1,0,0,0,0,0,1,1,1,0,1,1,0,1,1,0,0,1,0,1,0,0,0,1,1,0,1,1,1,1,0,0,0,0,0,1,0,1,1,0,0,0,0,0,0,1,1,1,1,1,0,0,0,1,0,1,1,0,1,1,1,0,0,1,1,1,0,0,0,0,1,0,1,1,1,1,0,-58.5
0,0,1,1,0,0,1,1,0,1,1,1,1,0,1,1,0,1,1,0,0,0,1,0,0,0,1,0,1,0,0,1,1,1,0,1,0,0,1,0,1,0,0,0,0,1,0,0,0,1,1,1,1,0,0,0,0,1,1,1,0,0,0,1,1,0,0,1,0,1,0,1,0,0,0,0,1,1,0,1,0,-56.75
1,0,1,1,1,1,1,0,0,1,1,1,1,0,1,1,0,0,1,0,1,0,1,0,0,0,1,1,1,0,0,1,1,1,0,1,1,0,1,1,0,0,0,1,1,0,0,0,0,1,1,1,1,0,0,0,0,0,0,0,0,0,0,1,1,0,0,1,1,0,0,1,0,0,0,0,1,0,0,0,1,-39.25
0,0,1,1,0,0,0,0,1,0,1,0,1,0,0,0,1,0,1,0,0,1,1,1,1,0,1,0,1,0,1,0,1,1,0,1,1,0,0,1,1,0,0,0,1,1,0,0,1,0,1,1,1,1,0,0,0,1,0,0,1,0,0,0,1,1,1,0,0,1,0,0,0,1,1,0,1,0,1,1,1,-61.75
1,0,1,1,1,1,0,0,1,0,0,0,1,0,0,1,0,0,1,1,0,1,1,0,1,0,0,0,1,1,1,1,0,1,0,1,1,1,0,1,1,1,1,1,0,0,1,0,0,0,1,1,0,1,0,0,0,1,1,1,0,0,0,1,0,1,0,0,0,1,0,1,0,0,0,1,0,1,1,1,0,-52.0
0,1,0,1,1,0,0,1,1,1,1,1,1,0,1,1,1,0,1,0,0,1,1,0,0,0,0,0,1,0,0,1,1,1,0,1,0,0,1,1,0,0,1,0,0,0,0,0,1,0,0,1,1,1,0,0,0,0,0,0,1,1,0,1,1,1,1,0,0,0,1,0,1,1,1,1,0,1,1,0,1,-59.5
1,1,1,1,1,1,1,1,1,0,1,1,0,0,1,0,0,1,1,0,0,0,0,0,1,1,1,0,1,0,0,0,1,0,0,0,1,0,0,0,0,0,0,0,1,0,1,0,0,1,1,1,1,0,0,0,0,1,0,0,1,0,0,1,1,1,0,1,0,0,0,0,0,1,1,0,1,0,0,1,1,-40.0
1,0,1,1,1,1,0,0,0,1,1,1,1,1,1,1,0,0,1,0,0,0,0,1,0,0,0,1,1,0,0,0,1,1,0,0,1,0,1,0,1,1,0,0,0,0,1,0,0,1,0,1,1,0,0,0,0,1,0,0,0,0,0,0,1,1,1,0,1,1,0,0,0,0,1,0,0,1,1,1,0,-39.5
0,0,1,1,1,1,0,0,0,0,1,1,1,0,1,1,0,0,1,0,0,1,0,1,1,0,1,0,1,0,0,0,1,1,0,1,1,0,1,0,0,0,0,1,1,0,0,0,0,0,0,1,1,1,0,0,1,1,1,1,0,1,1,1,1,0,0,0,0,0,0,0,0,1,1,0,1,0,0,1,0,-45.0
1,1,1,0,1,0,1,1,1,0,1,0,1,0,0,0,1,0,1,0,0,1,1,1,1,1,0,0,1,0,1,1,1,0,0,0,0,0,1,1,1,0,0,0,1,1,1,0,1,1,0,1,1,1,0,0,0,1,0,1,1,0,1,1,1,0,1,1,0,0,0,0,1,0,0,1,1,1,0,1,0,-45.0
1,0,1,0,1,0,1,0,0,1,1,1,1,0,1,0,1,1,1,1,0,0,1,0,0,0,0,0,1,0,0,0,1,1,0,1,1,0,0,1,0,1,0,0,0,1,0,0,0,1,0,1,1,1,0,0,0,1,1,0,0,0,1,1,1,1,0,0,0,1,0,0,0,0,1,1,0,1,1,0,1,-63.25
0,0,1,1,0,0,1,0,0,0,0,1,1,0,1,0,0,0,1,1,0,0,0,0,1,0,1,0,1,1,0,0,1,0,0,0,1,0,0,0,1,0,0,1,1,1,1,0,1,1,0,1,1,1,0,0,0,1,1,1,0,1,1,0,1,1,1,1,0,0,0,1,0,1,0,1,0,0,0,0,0,-66.0
1,0,1,1,1,0,0,1,1,1,0,1,1,0,1,0,0,1,1,1,0,0,0,1,1,0,0,0,1,0,1,0,1,0,0,1,0,0,0,1,1,0,0,0,1,0,1,0,1,0,0,1,1,0,0,0,0,1,0,1,1,1,1,1,1,1,1,1,0,1,0,0,0,1,1,1,1,0,1,1,0,-55.75
0,1,0,1,0,1,1,1,0,1,1,1,1,0,0,1,1,1,1,1,0,0,0,0,1,0,0,0,1,1,1,1,1,1,0,1,0,0,0,0,1,1,1,1,1,1,0,0,0,0,0,1,1,1,0,0,0,0,0,1,0,0,0,1,1,1,0,1,0,0,1,0,0,1,1,1,0,0,0,0,1,-65.5
1,0,0,0,1,1,0,1,1,1,1,1,1,0,1,0,1,0,1,0,0,1,1,1,1,0,0,1,1,0,0,1,1,0,0,1,0,0,1,1,1,0,1,0,1,1,0,0,0,1,0,1,1,0,0,0,1,0,1,1,1,1,0,1,1,0,0,0,0,1,1,0,0,0,0,1,1,1,1,1,0,-61.5
0,0,1,1,0,0,0,1,0,1,1,1,1,0,1,0,0,1,1,0,0,0,0,1,1,0,1,0,1,0,1,1,1,1,0,0,1,0,0,0,1,0,1,1,0,1,0,0,0,1,0,1,1,1,0,0,0,1,0,1,1,0,0,1,1,1,1,1,0,1,0,1,0,1,1,0,0,0,0,0,1,-56.25
0,0,1,1,1,0,0,0,1,0,1,1,1,0,0,0,0,0,1,1,0,1,1,0,1,0,0,0,1,0,0,1,1,0,0,1,1,0,0,1,1,0,0,1,1,1,0,0,0,0,0,1,1,1,0,0,1,1,1,1,1,0,1,0,1,1,0,1,0,1,0,1,0,1,1,0,0,1,0,1,0,-46.75
0,1,0,1,0,0,0,1,1,1,0,1,0,0,1,0,0,1,1,0,0,1,1,0,0,0,1,0,0,0,0,0,1,1,0,0,0,0,1,1,1,1,1,0,0,1,0,0,0,1,0,1,1,1,0,1,0,0,1,1,1,0,0,0,1,0,0,0,0,1,1,1,0,0,1,0,0,0,1,0,1,-60.25
0,0,1,0,0,0,0,0,1,0,1,0,1,0,1,1,1,0,1,0,0,1,0,1,0,0,0,1,1,1,1,1,1,1,0,0,1,0,0,0,1,1,0,1,1,1,1,0,0,1,0,1,0,1,0,0,0,1,0,1,1,1,0,0,1,0,1,1,0,1,0,1,0,1,1,1,1,1,0,0,0,-57.25
0,1,1,1,0,1,1,0,0,1,0,0,1,0,1,1,0,1,1,1,0,0,0,0,0,0,0,0,1,1,1,0,1,1,0,1,0,0,0,1,1,0,0,0,1,1,1,0,0,1,0,1,0,1,0,0,0,1,1,0,0,1,0,0,1,0,0,0,0,0,0,0,0,1,0,1,1,0,0,1,0,-61.5
0,0,1,1,0,0,1,0,0,0,0,1,1,0,0,0,0,1,1,0,0,1,1,0,1,0,1,0,1,0,0,0,1,0,0,0,0,1,0,0,0,1,1,1,0,1,0,0,1,1,1,1,1,1,0,0,0,1,0,1,0,1,1,0,1,1,1,0,0,1,1,1,0,1,0,1,0,0,1,0,1,-61.5
1,1,1,1,1,0,1,0,0,0,1,0,1,0,1,1,1,0,0,0,0,0,0,0,0,0,1,0,1,1,0,1,1,0,0,1,1,1,0,1,0,1,0,0,1,1,0,0,0,1,1,1,0,1,0,0,0,1,1,0,0,0,0,0,0,1,0,1,0,1,0,1,0,1,1,1,0,1,0,0,0,-40.0
1,1,1,1,1,0,0,1,0,1,0,1,1,0,1,1,1,1,1,0,0,1,0,1,1,0,0,1,1,0,1,0,1,0,0,0,0,0,1,0,0,1,1,0,1,1,0,0,0,0,1,1,0,0,0,0,0,0,0,1,0,1,0,0,1,0,1,1,0,0,1,0,0,1,1,1,1,1,1,0,1,-51.5
0,1,0,0,0,1,0,1,0,0,1,0,1,0,1,0,1,0,1,1,0,0,0,0,1,0,0,0,1,1,0,0,1,1,0,0,0,1,1,0,0,0,1,1,0,1,1,0,1,1,1,1,1,1,0,0,0,0,1,1,0,1,1,0,1,0,1,1,0,0,1,1,0,1,0,0,1,1,0,0,0,-47.0
0,1,0,0,1,1,1,1,1,1,1,1,1,0,0,0,1,0,1,0,0,1,0,0,0,0,0,1,0,0,0,1,1,0,0,0,1,0,1,0,0,1,0,0,1,0,0,0,0,1,0,1,1,0,0,0,0,0,1,1,0,1,0,0,1,0,0,1,0,1,0,0,0,1,0,1,0,0,0,0,1,-58.0
0,1,0,1,0,0,1,1,0,1,1,1,1,0,1,0,1,0,1,1,0,1,1,0,0,0,0,0,1,0,0,1,1,0,0,0,0,0,1,0,0,1,1,1,0,0,0,0,1,1,0,1,1,1,0,0,0,0,1,1,0,1,0,1,1,1,0,1,0,0,1,1,0,1,1,1,0,1,1,1,0,-54.0
0,0,1,1,0,0,1,0,0,1,0,1,1,0,1,1,1,1,1,1,0,1,1,0,0,0,1,0,1,1,1,0,1,1,0,1,0,0,1,0,1,0,0,0,0,1,0,0,1,1,1,1,1,0,0,0,0,1,1,0,0,0,1,1,1,0,0,0,0,0,0,0,0,0,0,1,0,0,1,1,0,-53.25
1,1,0,1,1,1,1,1,1,1,0,1,1,0,0,0,1,1,1,0,0,1,1,1,1,1,0,0,0,0,0,0,1,0,0,1,1,0,1,1,0,0,0,0,0,1,0,0,1,1,1,1,1,0,0,0,0,0,1,1,0,0,0,0,1,1,0,0,1,0,0,0,0,1,1,1,1,0,1,1,1,-58.25
1,0,0,1,0,1,0,0,0,1,1,1,1,0,1,0,1,1,1,1,0,1,1,0,0,0,0,0,0,0,1,0,1,0,0,1,0,0,1,1,1,1,1,0,1,0,0,0,0,1,0,1,1,0,0,0,1,0,1,1,0,1,0,1,1,0,1,1,0,0,0,0,0,1,1,1,1,0,0,0,1,-53.25
0,1,0,1,1,0,0,1,0,1,1,1,1,0,1,1,1,1,1,0,0,0,0,0,1,0,0,1,0,1,1,1,1,0,0,0,0,0,1,1,0,0,0,0,1,1,0,0,1,0,0,1,1,0,0,0,1,0,1,1,0,0,0,0,1,1,0,1,1,0,0,0,0,0,1,0,1,0,1,0,1,-43.5
0,0,0,1,1,1,1,1,0,1,0,1,1,0,0,1,1,1,1,0,1,1,0,1,1,1,0,0,1,0,0,0,1,1,0,1,1,0,1,1,0,1,0,0,0,0,1,0,0,1,1,1,0,1,0,0,0,0,1,1,0,1,0,0,1,1,1,0,0,1,0,0,0,1,1,1,1,1,0,1,0,-38.75
1,1,0,0,0,1,1,1,0,0,1,0,1,0,1,1,1,0,1,1,0,1,0,1,1,0,1,1,1,0,1,0,1,1,0,0,0,0,1,1,1,1,1,1,1,1,0,0,0,1,0,1,1,1,0,0,0,0,1,1,0,1,0,1,1,1,0,0,1,1,1,0,0,0,1,1,0,0,1,1,0,-47.75
0,0,1,1,1,0,0,0,1,0,0,1,0,1,0,1,1,1,1,1,1,1,1,1,0,0,1,1,0,0,1,1,1,1,0,1,1,0,1,1,1,1,1,0,1,0,0,0,0,0,1,1,1,1,0,0,0,0,1,0,0,1,0,1,0,1,0,0,1,1,1,1,0,1,1,0,0,1,0,0,1,-47.0
0,0,1,0,1,1,0,1,0,1,0,1,0,1,0,1,1,0,1,0,0,0,0,0,1,0,0,0,1,1,1,0,1,1,0,1,0,0,0,1,1,0,0,1,1,1,0,0,0,1,1,1,1,1,0,0,0,0,1,0,1,1,1,0,1,0,0,1,0,0,1,1,0,0,1,0,1,0,1,1,0,-51.25
0,1,0,1,0,0,0,1,0,0,0,0,1,0,1,1,0,0,1,0,0,0,1,0,0,0,0,1,0,1,0,0,1,1,0,0,1,1,0,0,1,1,1,0,1,1,1,0,0,0,1,1,1,1,0,0,0,0,0,0,0,0,0,1,1,1,1,1,1,0,0,0,0,0,1,1,1,0,1,0,0,-63.5
0,0,0,0,0,0,1,1,0,1,0,1,1,0,1,0,1,1,1,0,0,1,0,1,1,1,0,1,1,0,0,0,1,0,0,1,1,0,1,0,1,0,0,0,0,1,0,0,1,0,0,1,1,0,0,0,0,0,0,1,0,0,0,0,1,1,0,1,0,1,1,0,0,1,1,1,0,0,1,0,1,-55.25
0,0,0,1,1,1,1,1,0,1,0,1,1,0,1,0,0,1,1,0,0,0,0,0,1,0,0,0,1,0,0,0,1,1,0,0,0,1,0,0,0,1,1,0,1,1,0,0,0,0,0,1,1,0,0,0,0,0,1,1,0,0,0,0,1,0,0,1,0,0,1,1,0,0,0,1,0,0,1,0,0,-59.25
1,1,0,0,1,1,1,1,1,0,1,1,1,0,0,1,1,1,1,0,0,1,1,0,0,0,0,1,1,0,0,0,1,0,0,0,1,1,1,0,1,1,1,1,1,0,0,0,0,1,0,1,1,0,0,0,0,0,0,0,0,0,1,0,1,0,0,1,1,0,0,1,0,0,1,1,0,0,0,0,1,-49.25
1,1,0,0,1,0,1,1,1,1,1,1,1,0,1,0,0,0,1,1,0,1,0,0,0,0,0,0,1,1,1,0,1,1,0,0,1,0,1,1,1,1,0,0,1,0,0,0,1,0,1,1,1,0,0,0,0,0,0,1,0,1,0,0,1,0,0,0,0,1,1,1,0,1,1,1,1,0,0,0,0,-56.0
0,1,0,1,0,0,0,1,0,0,0,1,1,0,1,0,0,1,1,1,0,0,1,0,1,0,1,1,0,1,1,1,1,0,0,0,0,0,0,0,0,0,1,0,1,1,1,0,0,0,0,1,1,1,0,0,1,1,1,0,0,1,0,1,1,1,0,0,0,0,0,0,0,1,1,1,1,0,0,0,1,-63.25
1,1,0,0,0,1,0,1,1,1,0,1,1,0,0,0,1,1,1,1,0,0,0,0,1,0,1,0,1,0,0,0,1,0,0,1,1,0,1,1,1,0,1,0,1,0,1,0,0,0,1,1,1,0,0,0,0,0,0,0,0,0,0,0,1,1,1,1,0,0,0,1,0,0,0,1,0,1,1,1,1,-48.0
0,1,0,1,0,1,0,0,1,0,0,0,1,0,0,0,0,1,1,0,0,1,0,0,1,1,1,1,0,0,1,1,1,1,0,1,0,0,0,0,1,0,0,0,0,0,1,0,0,0,0,1,1,0,0,0,1,0,0,1,0,1,1,1,1,0,1,0,0,1,0,1,0,0,0,1,0,0,1,1,1,-36.0
1,0,0,1,0,1,1,1,1,1,1,1,1,0,1,0,1,0,1,1,0,1,0,1,1,0,0,1,0,0,0,1,1,0,0,0,1,0,1,1,1,1,1,0,1,1,1,0,0,1,1,1,1,1,0,0,0,0,0,1,1,0,0,1,1,0,1,0,0,1,0,1,1,0,1,0,1,0,0,0,0,-54.75
1,1,0,1,1,1,0,1,0,1,1,0,1,0,1,1,1,0,1,0,0,0,0,0,1,0,0,0,1,1,1,0,1,0,0,1,1,0,0,1,1,1,1,1,0,1,0,0,0,1,1,1,1,1,0,0,0,0,1,1,0,1,0,0,1,1,1,1,0,1,0,0,1,0,0,1,0,0,0,0,0,-56.75
0,0,1,0,1,0,0,0,0,1,1,1,1,1,1,0,0,1,1,0,0,1,0,0,1,0,1,1,1,0,1,1,1,1,0,0,0,0,0,0,1,1,0,1,0,1,0,0,1,1,1,0,1,0,0,0,0,1,1,1,0,1,1,1,1,0,0,1,0,0,0,1,1,0,1,0,0,0,1,0,0,-63.5
0,1,0,1,1,0,1,0,0,0,1,1,1,0,1,0,0,0,1,1,0,0,1,0,0,0,0,0,0,1,1,1,1,1,0,1,1,0,1,0,0,1,1,0,0,1,0,0,1,0,1,0,1,1,0,0,0,0,1,1,1,1,0,1,1,0,0,0,0,0,1,0,0,1,0,1,0,0,0,0,0,-49.0
0,1,0,1,0,1,1,1,0,1,1,1,1,0,0,0,1,1,1,0,0,0,0,0,1,0,1,1,1,0,0,1,1,0,0,0,1,0,0,0,0,0,1,0,1,1,1,0,1,1,0,1,1,0,0,0,1,0,0,0,0,1,1,1,1,0,0,0,1,1,0,1,0,0,0,0,1,0,1,0,1,-63.0
0,1,0,1,1,0,1,1,0,0,0,1,0,1,1,1,0,0,1,0,0,0,1,1,1,0,0,1,1,0,0,0,1,1,0,0,1,1,1,0,1,1,1,0,1,1,1,0,1,0,0,1,1,0,0,0,1,0,1,1,0,0,1,1,1,1,0,0,0,0,1,1,1,1,1,1,0,1,1,0,0,-45.5
1,1,1,0,1,1,1,0,1,1,0,1,1,1,0,1,1,1,1,1,0,1,1,1,0,1,1,1,1,1,1,1,1,0,0,1,1,0,0,1,1,1,1,1,0,0,0,0,0,0,0,1,1,0,0,0,0,1,0,1,0,1,1,0,1,0,1,0,0,1,1,0,1,0,0,0,0,0,1,0,1,-51.5
0,0,0,1,1,0,1,1,0,1,0,1,1,0,0,0,0,1,1,1,0,0,1,1,1,0,0,1,0,0,0,1,1,1,0,0,0,0,1,0,1,0,1,0,1,1,1,0,1,1,0,1,1,1,0,0,0,0,1,0,0,0,1,0,1,0,0,0,0,0,1,0,0,1,0,1,1,0,1,0,1,-35.75
0,1,0,1,1,0,1,0,0,1,1,1,1,1,0,0,0,1,1,0,0,1,1,1,0,0,0,1,0,0,0,0,1,0,0,0,0,0,0,0,1,0,1,0,1,1,0,0,0,0,0,1,0,0,0,0,0,1,0,1,1,0,0,0,1,0,0,1,0,0,0,1,0,1,0,0,1,1,1,0,0,-49.0
0,1,0,1,0,0,0,0,0,0,0,0,1,1,1,1,0,1,1,0,0,1,0,0,0,0,1,1,1,0,1,1,1,1,0,1,0,0,0,0,0,1,1,0,1,1,1,0,1,0,1,0,1,0,0,0,0,0,0,1,0,1,0,1,1,0,0,0,0,0,1,0,0,0,1,1,1,0,1,1,0,-54.0
1,1,0,1,1,1,0,1,0,1,0,1,1,1,1,1,0,0,1,0,0,1,1,0,1,0,1,0,1,1,1,0,1,0,0,1,1,1,1,1,0,0,1,0,1,0,0,0,0,0,0,0,1,1,0,0,0,0,1,1,0,0,1,1,1,1,1,0,0,1,1,0,1,1,1,1,0,0,0,0,0,-44.75
0,0,1,0,1,1,0,0,0,0,1,1,1,0,1,0,0,1,1,0,0,1,1,1,0,0,1,1,1,1,0,0,1,1,0,0,1,0,0,1,0,1,0,1,0,1,1,0,0,0,1,1,1,1,0,0,0,1,0,1,0,0,1,1,1,0,0,1,0,1,1,0,0,0,1,1,1,0,0,0,0,-56.5
0,1,0,0,1,1,0,1,0,1,1,1,1,0,1,0,0,0,1,0,0,1,0,1,0,1,0,0,1,1,0,1,1,1,0,0,0,0,1,1,1,0,1,1,1,0,0,0,1,0,1,1,0,1,0,0,1,1,0,1,0,1,0,1,1,0,0,0,0,1,1,1,0,0,0,0,1,0,0,0,0,-44.5
0,1,0,1,0,0,1,1,1,0,0,1,1,0,0,0,1,1,1,1,0,1,1,1,0,0,0,1,1,0,1,0,1,0,0,1,1,0,1,0,0,1,1,1,1,1,0,0,1,1,0,1,0,0,0,0,0,0,0,1,1,1,0,1,1,1,0,1,1,1,1,1,1,0,1,1,1,0,1,0,1,-52.5
0,0,1,1,1,0,1,0,1,0,0,0,1,0,1,0,1,0,1,0,0,0,1,0,0,0,1,0,1,0,0,0,1,1,0,0,1,0,0,1,1,0,0,0,0,1,1,0,0,0,1,1,1,0,0,0,0,0,1,0,0,1,1,1,1,1,0,0,1,0,0,0,0,0,1,1,0,1,1,0,1,-71.25
0,1,0,1,1,0,1,0,1,0,0,0,1,1,1,1,1,0,1,0,0,1,1,0,1,0,0,0,1,1,1,1,0,0,0,1,0,0,1,0,0,0,1,1,0,1,1,0,0,0,0,1,1,0,0,0,0,0,1,1,1,1,0,1,1,1,0,0,0,1,1,0,0,1,1,1,1,1,1,0,0,-44.5
0,1,1,1,0,0,0,1,0,1,1,0,1,0,0,0,1,1,1,0,0,1,0,0,1,0,1,0,1,0,0,0,1,1,0,0,1,1,0,1,1,0,0,1,1,1,1,0,1,1,1,1,1,0,0,0,0,0,0,0,0,0,1,0,1,1,1,1,0,1,0,1,1,1,1,1,0,1,1,0,0,-56.5
0,0,1,1,1,0,1,0,0,1,1,0,1,0,1,1,0,0,1,0,0,1,0,0,0,0,0,1,1,0,0,0,1,1,0,1,1,1,0,1,1,1,0,1,0,1,1,0,1,0,1,1,1,0,0,0,0,0,1,0,0,1,0,1,1,1,0,1,1,1,1,1,0,0,1,1,1,1,1,0,0,-72.0
0,0,0,1,0,0,1,0,0,0,0,0,1,0,1,0,0,0,1,1,1,0,1,0,0,0,1,1,1,1,0,0,1,1,0,1,1,1,0,1,1,0,0,1,0,1,1,0,1,1,1,1,1,1,0,1,0,0,1,1,0,1,0,1,1,1,0,1,1,0,0,1,0,0,1,0,0,0,1,0,0,-47.0
0,1,1,1,0,0,0,0,0,1,0,1,1,0,0,0,1,1,1,0,0,0,0,0,0,0,0,1,0,1,0,0,1,1,0,0,1,0,0,1,1,0,0,0,0,1,1,0,1,1,0,1,1,1,0,0,0,0,1,1,0,0,0,0,1,0,0,1,1,1,1,1,0,1,0,0,0,0,0,0,0,-38.5
0,0,1,1,1,0,1,1,0,0,1,0,1,0,0,1,1,0,1,0,0,1,0,1,0,0,0,1,1,0,0,1,0,0,0,1,0,0,0,1,0,1,0,0,0,1,1,0,1,0,1,1,1,0,0,0,0,0,1,0,0,1,0,1,1,0,0,1,0,1,1,0,1,1,0,0,0,1,1,1,0,-43.0
1,1,1,0,0,0,0,1,0,0,0,0,1,0,1,1,0,1,1,1,0,0,1,1,0,0,0,1,1,0,0,0,1,1,0,1,1,1,0,1,1,1,0,1,0,1,1,0,0,0,1,1,0,0,0,0,0,0,0,0,0,0,0,1,1,0,0,0,0,1,1,1,0,1,1,1,0,1,1,1,1,-50.0
0,1,0,1,1,0,1,1,0,0,1,0,1,0,1,1,0,0,1,0,0,0,0,0,0,0,1,0,1,1,1,1,1,1,0,0,0,0,0,0,1,1,0,0,1,0,1,0,0,0,1,1,1,1,0,0,0,0,1,1,0,1,0,1,1,1,1,0,1,0,0,1,0,1,0,1,0,0,0,0,0,-51.75
1,0,1,1,1,0,0,1,0,1,1,0,1,0,1,1,0,1,1,1,1,0,1,0,0,1,0,0,1,1,0,0,1,1,0,1,1,0,0,1,1,0,1,1,1,1,1,0,1,0,0,1,1,1,0,0,0,0,0,1,1,0,1,0,1,1,1,0,1,0,1,0,0,1,1,1,1,1,0,0,0,-47.5
0,0,1,0,1,0,1,0,0,0,0,0,1,0,1,0,0,0,1,0,0,0,1,0,1,0,0,1,1,1,0,0,1,1,0,1,0,0,0,1,1,0,0,0,0,1,1,0,1,1,1,1,1,1,0,0,0,0,1,0,1,0,0,1,1,0,0,1,1,1,1,1,0,0,0,1,0,1,1,0,1,-44.25
1,0,0,1,0,0,1,1,1,1,1,0,1,0,1,1,0,1,1,1,1,1,1,0,1,0,1,0,1,0,0,0,1,1,0,0,1,0,0,0,1,0,1,0,1,1,0,0,1,0,1,1,1,1,0,0,1,1,1,1,0,1,0,1,1,1,0,0,1,1,1,0,0,0,1,0,1,0,0,1,1,-46.0
1,0,1,1,1,0,1,1,0,0,1,0,1,0,1,0,1,0,1,1,0,0,1,0,1,0,1,0,1,0,1,1,1,1,0,1,1,0,1,1,1,1,1,1,0,1,0,0,0,1,1,1,1,0,0,0,1,1,1,0,0,1,0,0,1,1,1,1,1,0,0,0,0,0,1,1,1,1,1,0,0,-63.25
0,0,0,0,0,1,1,0,0,0,1,1,1,0,1,1,0,1,1,1,0,1,1,0,1,1,1,1,1,0,0,0,1,0,0,0,0,0,1,1,1,1,0,1,1,1,1,0,0,0,0,1,0,0,0,1,0,1,1,1,0,1,1,1,1,1,0,1,0,0,1,1,1,0,0,0,0,0,0,0,0,-46.25
1,0,1,1,1,0,0,0,1,0,1,0,1,1,1,0,0,1,1,1,0,1,0,0,0,1,1,0,1,1,1,0,1,1,0,1,1,0,0,1,0,1,1,0,0,1,0,0,0,0,0,0,0,0,0,0,0,1,0,0,0,1,0,0,1,1,0,1,1,1,0,1,1,1,1,1,0,0,1,0,1,-48.5
1,1,0,0,0,0,0,1,0,1,0,1,1,0,1,1,0,1,0,0,0,0,0,1,1,0,0,1,1,1,0,0,1,1,0,0,0,0,1,1,1,0,1,1,1,1,1,0,0,1,1,1,1,1,0,0,0,1,0,1,1,1,1,1,1,0,1,1,0,1,1,1,0,0,1,1,1,1,0,0,0,-40.25
1,1,0,1,1,1,0,1,1,1,0,1,1,0,0,1,1,0,1,1,0,1,1,1,0,0,1,0,1,0,1,0,1,1,0,1,1,0,1,0,0,1,1,1,0,0,0,0,0,0,0,1,0,0,0,0,0,0,0,0,1,1,0,1,1,0,1,1,0,0,0,0,1,1,0,0,1,1,0,1,1,-52.5
1,1,1,1,1,1,0,1,1,1,1,1,1,0,0,0,0,1,1,0,0,0,1,0,1,0,0,0,1,1,0,1,1,0,0,1,0,0,1,0,1,1,0,1,1,1,1,0,0,0,1,1,1,0,0,0,0,1,1,0,0,1,0,1,1,1,0,1,0,1,1,0,0,1,0,1,1,1,0,0,1,-54.75
0,0,0,1,1,0,0,1,0,1,1,1,1,0,1,0,1,0,1,0,0,0,1,0,1,0,0,0,1,0,0,1,1,1,0,1,1,0,1,0,1,0,1,1,1,0,1,0,1,0,1,1,0,1,0,0,1,0,1,1,1,1,0,0,0,1,1,0,1,1,0,0,0,0,1,1,1,0,0,0,1,-49.75
1,0,0,1,1,0,0,0,0,1,1,1,1,0,0,0,1,0,1,0,0,1,1,1,1,0,0,0,1,0,1,1,1,0,0,1,1,0,0,1,1,0,1,1,0,1,0,0,0,0,1,0,1,1,0,0,1,0,1,0,0,1,1,1,1,0,0,1,0,0,0,1,0,1,0,1,0,0,0,0,1,-62.25
1,1,0,1,0,0,1,0,1,1,1,0,1,0,1,0,0,0,1,0,0,0,0,1,1,0,0,0,1,1,0,0,1,1,0,0,0,1,0,0,1,1,0,0,0,1,0,0,1,1,1,1,1,0,0,0,1,1,0,1,0,0,0,0,1,1,1,0,0,0,1,0,0,0,1,1,1,1,0,0,0,-47.0
0,1,0,1,0,0,1,0,0,1,1,0,1,0,0,1,0,1,1,0,0,1,0,0,1,0,0,1,1,0,1,0,1,1,0,1,1,1,0,0,0,1,0,1,0,1,0,0,1,1,1,1,1,0,0,0,0,1,0,0,1,1,0,1,0,0,0,1,1,1,0,1,1,0,1,0,1,0,1,0,0,-61.0
0,1,0,1,0,0,1,0,0,0,0,1,1,0,1,0,0,0,1,0,0,0,0,0,1,0,1,1,1,0,0,0,1,0,0,0,1,0,0,0,1,0,0,0,1,1,1,0,0,1,0,1,1,1,0,0,0,0,1,1,0,1,1,0,1,0,0,0,0,0,0,1,0,1,0,1,0,0,1,1,0,-49.5
0,0,1,1,1,0,1,1,0,1,1,1,0,0,1,0,0,1,1,0,0,1,1,1,0,0,1,0,0,1,1,0,1,1,0,1,0,0,1,0,0,0,0,0,1,0,0,0,1,1,0,1,0,0,0,0,1,1,0,1,1,0,1,0,1,0,0,1,1,0,0,1,1,0,0,0,0,0,1,1,1,-47.75
0,0,1,1,1,0,1,1,0,1,1,0,1,0,1,1,0,1,1,1,0,1,0,0,0,1,0,1,1,0,1,0,1,1,0,1,1,1,0,1,1,1,0,1,0,1,0,0,1,1,1,0,1,1,0,0,0,0,0,0,0,1,0,1,1,0,0,1,1,1,0,1,1,0,1,0,1,1,1,0,0,-63.25
0,0,1,1,1,1,0,1,0,1,1,1,1,0,0,0,0,0,1,1,0,1,0,0,1,0,0,1,1,1,0,0,1,1,0,1,1,0,0,1,0,0,0,0,0,0,1,0,0,0,1,1,1,1,0,0,0,0,1,0,0,1,0,0,1,0,0,1,0,0,1,1,0,1,1,1,1,0,1,0,0,-64.25
0,1,1,1,1,0,1,0,1,1,1,0,1,0,1,1,1,0,1,0,0,0,0,0,0,0,0,0,1,0,0,1,1,1,0,1,1,1,0,0,0,0,0,0,1,0,0,0,1,0,1,0,1,1,0,0,1,0,0,0,0,1,0,0,0,1,0,0,0,0,0,1,0,0,1,0,0,1,1,0,1,-55.75
1,0,0,1,1,1,1,0,0,1,1,0,1,0,0,0,1,1,1,0,0,1,1,0,1,0,1,1,1,0,0,1,1,1,0,1,0,1,0,1,1,0,1,1,0,1,0,0,0,1,1,1,0,1,0,0,0,1,0,0,1,1,1,1,1,0,0,1,1,0,1,1,0,1,1,1,1,0,1,0,1,-51.75
1,1,1,1,1,1,1,0,0,1,1,1,1,0,0,0,1,1,1,1,0,0,1,0,0,1,1,0,0,0,0,0,1,0,0,0,1,0,0,0,0,0,1,0,1,1,0,0,1,0,0,1,1,1,0,0,1,1,1,1,0,1,0,0,0,1,0,1,0,0,1,1,1,1,1,1,1,1,1,0,0,-54.75
0,0,1,0,1,0,0,0,0,0,1,0,1,0,0,1,0,1,1,0,0,0,1,0,0,0,0,1,1,1,1,0,1,1,0,0,0,1,0,0,0,0,0,0,0,1,1,0,0,1,0,1,0,0,0,0,0,0,0,0,0,1,1,1,0,1,0,1,0,0,0,0,1,0,1,1,1,1,1,1,1,-58.0
0,1,1,1,1,1,0,1,0,1,1,0,1,0,0,1,0,0,1,1,0,1,1,0,0,0,0,0,1,0,1,0,1,1,0,1,1,0,0,1,0,0,0,1,0,1,1,0,1,1,1,1,1,0,0,1,0,0,1,0,0,0,1,1,0,1,0,1,0,0,0,1,0,0,0,1,1,1,1,1,0,-48.5
1,0,1,1,1,1,0,0,0,1,0,0,1,0,1,1,1,1,1,0,0,1,1,0,1,0,0,0,1,0,1,0,1,1,0,0,1,0,0,0,1,0,0,0,0,0,1,0,1,1,1,0,1,0,0,1,0,0,1,0,0,1,0,1,1,1,0,1,1,1,1,1,0,1,1,1,1,1,0,0,1,-61.5
0,0,0,1,1,0,0,0,1,1,1,1,0,1,1,0,1,0,1,0,1,0,0,0,1,1,1,1,0,0,1,0,1,1,0,0,0,0,1,0,0,1,0,1,1,0,1,0,1,1,0,0,1,1,0,1,0,0,0,1,1,1,0,0,1,1,0,1,0,1,1,1,0,1,0,1,0,0,1,1,1,-47.75
1,0,1,1,0,0,1,1,1,1,0,0,1,0,0,0,0,0,1,1,0,1,1,0,0,0,1,0,1,0,0,0,1,1,0,0,0,1,0,0,0,0,0,1,1,0,1,0,0,0,1,1,1,0,0,0,0,0,1,0,1,1,1,1,1,1,1,1,0,1,0,0,0,1,1,1,1,1,1,0,0,-56.75
1,1,1,1,0,0,1,0,1,1,1,0,1,0,1,1,0,1,1,1,0,0,1,0,1,1,0,1,1,0,0,0,1,1,0,1,1,1,0,0,0,0,0,0,1,1,1,0,1,0,1,0,1,0,0,0,0,0,0,0,0,0,1,0,1,0,0,1,0,1,0,1,0,0,1,1,1,1,1,1,1,-51.25
0,0,1,1,1,0,1,0,1,0,0,0,1,0,1,0,1,0,1,0,0,1,1,1,1,0,1,0,1,0,0,1,1,1,0,1,1,0,0,1,0,0,0,0,1,1,1,0,1,1,1,0,1,1,0,0,0,0,1,1,0,1,1,1,1,1,0,0,1,0,1,1,0,0,1,0,1,1,1,0,1,-48.25
0,1,0,1,0,0,0,1,1,0,1,1,1,0,0,1,0,1,1,1,0,0,1,0,0,0,1,0,1,0,1,0,1,1,0,1,1,1,0,0,1,0,1,0,1,1,0,0,1,1,1,0,1,1,0,0,0,0,1,0,0,1,1,0,0,1,0,0,1,1,0,0,1,0,1,1,1,0,1,0,0,-64.5
0,1,1,1,1,0,0,1,0,1,0,1,1,0,0,0,0,0,1,0,0,0,0,0,0,0,0,1,1,0,1,1,1,1,0,0,1,1,0,1,1,0,1,0,0,1,0,0,1,0,0,1,1,1,0,0,0,0,1,0,0,1,0,0,1,0,0,0,1,1,1,0,0,0,1,1,1,1,1,0,1,-59.75
0,1,1,0,0,1,1,0,1,1,1,1,1,0,1,1,1,1,1,0,0,1,1,0,0,0,1,1,1,0,1,0,0,1,0,1,0,0,1,1,1,1,0,0,1,0,0,0,0,1,0,1,1,1,0,0,0,1,1,0,0,1,1,1,1,1,0,0,0,0,1,0,0,1,1,1,1,0,0,0,0,-57.0
1,0,0,1,1,0,1,1,0,0,0,1,1,0,1,0,1,1,1,0,0,1,0,0,0,0,0,0,0,0,1,0,1,1,0,1,0,1,0,0,1,0,1,0,1,1,0,0,0,1,1,1,1,0,0,0,1,1,1,0,0,0,1,0,1,1,1,0,1,1,1,1,0,0,1,1,0,1,1,0,0,-61.75
1,0,1,1,1,0,0,1,0,1,0,1,0,0,1,1,1,0,1,0,1,1,1,0,1,0,0,0,0,0,0,1,1,0,0,0,1,0,1,1,0,0,1,0,0,1,0,0,1,1,1,0,1,0,0,1,1,0,0,1,1,0,0,0,0,0,1,0,0,1,1,1,1,0,0,0,0,1,1,0,0,-55.25
0,0,0,0,1,1,0,0,0,1,0,1,1,0,1,0,0,0,1,1,0,1,1,0,1,0,0,0,1,0,1,0,1,1,0,0,1,1,0,0,1,1,0,0,1,1,1,0,1,1,1,0,1,0,1,0,0,1,1,0,0,1,1,1,1,1,1,1,1,1,1,1,1,1,1,0,0,0,1,0,0,-70.75
0,1,0,1,1,0,0,1,0,0,1,1,1,0,1,1,0,0,1,0,0,1,1,0,1,0,0,1,1,0,1,0,1,1,0,0,1,0,0,1,1,0,0,0,1,1,1,0,1,0,1,0,1,1,0,0,0,1,1,0,0,1,1,0,1,1,1,1,1,0,1,1,0,1,0,1,0,0,0,0,1,-53.0
1,0,0,1,1,1,1,1,1,1,1,1,1,0,0,1,0,0,1,0,0,0,0,0,1,0,0,0,1,0,1,1,1,1,0,0,1,0,0,0,1,1,0,1,1,1,0,0,1,1,1,1,0,0,1,0,0,1,0,0,0,1,0,0,1,1,0,0,0,0,0,0,0,0,1,0,0,1,0,1,0,-63.25
0,0,0,1,0,1,1,0,0,1,0,1,1,0,1,0,1,1,1,0,0,1,0,0,0,0,1,0,1,0,0,1,1,1,0,0,0,1,1,1,1,0,0,1,1,1,0,0,1,0,0,0,1,0,0,0,1,0,1,0,0,1,1,1,0,0,0,0,0,1,1,0,1,0,1,0,1,1,0,0,0,-49.0
0,0,0,0,0,0,0,0,0,0,0,1,1,0,0,0,0,0,1,0,0,0,1,0,1,0,1,0,1,1,0,1,1,1,0,0,1,0,0,1,1,1,0,1,1,1,1,0,0,0,0,1,1,0,1,0,1,0,1,0,0,1,1,0,1,0,1,1,1,0,1,0,0,0,1,1,1,0,0,0,0,-56.0
0,0,0,1,1,0,0,1,1,0,1,1,0,1,1,1,1,1,1,1,0,1,0,0,0,1,1,1,0,0,1,0,0,1,0,1,1,0,0,0,1,0,0,0,1,1,1,0,0,1,1,1,1,1,0,0,0,1,0,1,0,1,0,1,1,0,0,1,0,0,0,1,0,1,1,0,0,0,1,0,0,-64.75
1,0,0,1,0,1,0,0,0,0,0,1,1,0,1,0,1,0,1,0,0,0,1,0,0,0,0,0,1,0,1,0,1,1,0,0,0,1,0,0,1,0,0,0,0,0,1,0,0,0,0,0,1,0,0,0,1,1,0,0,0,0,0,1,1,1,1,0,0,0,0,1,0,1,1,0,0,0,1,0,0,-60.5
0,0,0,1,0,0,0,1,0,0,1,1,0,1,1,0,0,0,1,1,0,0,1,0,0,1,0,1,0,1,1,0,0,1,0,1,1,0,1,0,0,1,1,0,1,1,1,0,0,0,1,0,1,1,0,1,1,0,0,1,1,0,0,1,0,0,1,0,0,0,0,1,1,0,1,0,0,0,1,0,0,-53.0
0,0,1,1,1,0,0,0,1,1,0,1,1,0,0,1,0,1,1,1,0,1,1,0,0,0,0,0,1,1,1,0,1,0,0,0,0,1,0,0,1,1,0,0,1,0,0,0,1,0,0,0,1,1,1,0,0,0,0,0,0,0,0,1,1,1,0,0,0,0,0,1,0,0,1,1,1,1,1,0,0,-59.5
1,0,0,1,0,1,1,0,0,0,0,1,1,0,1,1,0,1,1,0,0,0,0,0,0,0,1,1,1,1,1,0,1,1,0,1,1,0,0,1,1,0,0,0,1,1,0,0,0,0,1,1,1,0,0,0,0,1,1,0,0,1,0,1,1,1,0,1,1,1,0,0,0,0,1,1,0,1,1,0,0,-71.25
0,0,0,1,0,1,0,1,0,1,0,1,0,1,0,1,0,0,1,1,0,0,0,0,0,1,0,0,0,1,1,0,0,1,0,0,0,0,0,0,0,0,0,0,1,0,0,0,0,0,1,1,1,0,0,0,0,1,1,1,0,1,0,1,0,1,1,1,0,0,0,1,0,1,0,0,0,0,1,0,0,-56.75
0,1,1,1,0,1,0,0,1,0,0,0,1,0,0,1,0,0,1,0,0,0,1,0,0,1,1,0,1,0,1,0,1,0,0,1,0,0,0,1,0,0,1,1,0,0,1,0,0,1,1,1,1,1,1,0,1,0,1,1,0,1,1,1,1,1,0,0,0,0,1,1,1,0,1,0,1,0,0,1,1,-44.5
1,0,0,1,1,0,0,1,1,0,1,1,0,1,1,1,0,1,1,1,1,0,0,0,0,1,0,0,0,0,1,1,0,1,0,1,1,1,1,0,1,0,0,0,0,0,0,0,0,1,1,0,0,1,0,0,0,0,1,1,0,0,0,1,1,0,1,1,1,0,0,1,0,1,0,0,0,0,1,0,1,-29.25
1,0,1,1,1,0,1,0,0,0,0,1,1,0,0,0,1,1,1,0,0,0,0,1,1,0,0,1,1,1,1,1,1,1,0,0,1,1,0,0,1,0,0,1,0,0,1,0,0,1,0,1,1,0,0,0,0,1,1,0,0,1,1,0,1,1,0,0,0,0,0,0,0,0,1,1,1,1,0,1,0,-62.5
0,0,0,1,0,0,0,0,0,1,0,0,1,0,1,1,1,1,1,1,0,0,1,0,1,0,0,1,1,0,1,0,1,1,0,1,0,1,0,1,0,1,0,0,1,0,0,0,1,1,1,0,1,0,1,0,0,1,1,0,0,1,1,1,1,1,1,1,0,1,0,1,0,1,1,0,1,1,1,0,0,-63.75
1,0,1,1,1,1,1,0,0,1,0,1,1,0,1,1,0,1,1,1,0,1,1,1,1,0,1,0,1,1,1,0,1,1,0,0,1,1,0,0,1,0,0,0,1,1,0,0,0,0,1,1,1,0,0,0,0,1,1,0,0,1,0,1,1,0,0,1,1,0,0,1,0,0,1,1,1,1,1,0,0,-55.75
0,1,0,1,0,0,1,1,0,1,1,1,0,0,1,1,0,1,1,1,0,0,0,0,1,1,1,0,0,1,1,1,1,1,0,1,1,0,0,0,1,0,0,1,0,0,1,0,0,1,1,1,1,0,0,1,0,0,1,0,1,1,0,1,1,0,0,1,0,0,1,0,1,1,1,1,1,0,1,0,0,-46.25
0,0,0,1,0,1,0,0,0,0,1,0,0,0,1,0,0,1,1,0,1,1,1,0,0,0,0,1,0,1,0,1,0,1,0,1,0,0,1,1,0,1,1,1,1,0,0,0,0,1,0,0,1,1,1,1,0,1,0,1,1,0,1,0,0,1,0,0,1,0,1,1,1,0,1,1,0,1,1,0,0,-42.0
0,0,1,0,1,0,0,1,1,1,1,1,1,0,1,0,0,0,1,0,0,0,1,0,0,0,1,1,1,0,1,1,1,0,0,1,1,1,0,0,0,0,1,0,0,0,0,0,0,1,0,1,1,0,0,0,0,1,0,1,0,1,0,1,1,1,0,1,0,0,0,1,1,0,1,1,1,0,1,0,0,-61.25
0,0,1,1,1,0,1,1,0,0,0,1,1,0,1,0,0,1,1,0,0,0,0,0,0,0,0,1,1,1,1,0,1,1,0,1,1,0,0,0,1,1,0,0,0,0,1,0,1,1,1,0,1,0,1,0,0,1,0,1,0,1,0,0,0,1,0,1,0,1,0,1,0,1,1,0,0,0,0,0,0,-55.0
0,0,1,1,1,1,0,1,0,1,1,0,1,0,1,0,1,1,1,0,0,1,1,0,1,0,1,0,1,0,0,1,1,1,0,0,1,1,0,1,1,0,0,1,1,1,1,0,0,1,1,1,1,0,0,0,0,1,1,0,0,1,0,1,1,1,0,1,0,0,0,0,1,1,1,0,0,1,1,0,0,-61.0
0,0,1,1,0,1,0,1,0,1,1,1,0,1,0,1,1,1,1,1,0,1,1,1,0,0,0,0,0,1,1,0,1,1,0,1,1,1,0,0,0,1,0,0,1,0,0,0,0,1,1,1,1,1,1,0,0,1,0,1,0,1,1,0,1,0,0,1,0,0,0,1,0,1,1,0,1,0,0,0,1,-48.75
0,0,1,1,1,1,0,1,1,1,0,1,1,0,0,1,1,1,1,0,0,1,0,1,1,0,0,1,1,0,0,0,1,0,0,1,0,1,0,1,1,1,1,0,1,0,0,0,1,0,1,0,1,0,0,0,0,1,0,1,0,0,1,1,1,0,0,1,0,0,1,1,1,1,1,1,1,0,1,0,1,-39.75
0,0,0,1,1,1,1,0,1,0,0,0,1,0,1,1,0,0,1,0,0,1,0,0,0,0,0,1,1,0,0,1,1,1,0,0,1,0,0,1,1,0,1,1,1,1,1,0,1,1,1,1,1,0,0,0,0,0,0,0,0,1,0,1,1,0,0,0,1,0,1,0,0,1,1,0,0,1,1,0,0,-55.0
1,1,1,1,1,1,1,1,1,0,0,1,1,0,0,1,0,0,1,0,0,1,1,0,0,0,0,0,1,0,1,0,1,1,0,1,1,0,0,1,1,1,1,1,0,0,1,0,0,1,0,0,1,0,0,0,1,0,1,0,0,0,1,1,1,1,0,1,0,1,0,1,0,1,1,1,1,0,1,0,0,-73.5
0,1,0,1,0,1,0,1,1,0,1,1,1,0,1,0,0,1,1,0,0,1,0,1,1,0,0,0,1,0,1,0,1,0,0,0,0,1,1,1,0,0,1,0,1,0,1,0,1,0,0,1,1,0,0,0,1,1,0,1,1,0,0,1,1,0,0,1,0,0,0,1,1,1,1,0,1,1,1,0,0,-52.75
0,0,0,1,1,0,0,1,1,0,0,0,1,0,1,0,0,1,1,0,0,1,0,0,1,0,0,0,1,1,1,1,1,1,0,1,0,0,0,1,0,1,0,1,0,1,1,0,1,1,1,0,0,1,0,0,0,1,0,0,0,0,1,1,1,1,0,1,1,1,0,0,0,0,1,0,1,0,1,0,0,-39.0
1,0,0,1,0,1,0,0,0,0,0,1,1,0,1,0,1,0,1,0,0,1,1,0,1,0,1,0,1,0,1,0,1,1,0,0,1,0,0,0,1,1,0,0,1,1,0,0,0,0,1,1,1,1,0,0,0,1,0,0,0,1,1,1,1,1,0,0,1,1,0,0,1,0,1,1,0,1,1,0,0,-76.25
0,0,1,1,0,1,1,0,1,1,0,1,1,0,1,0,1,0,1,1,0,1,0,0,1,0,0,1,1,0,1,0,1,1,0,1,1,0,0,0,1,1,0,1,1,1,0,0,1,0,0,1,1,0,0,0,0,0,0,0,0,1,1,1,1,1,1,0,1,0,0,1,1,0,1,1,0,0,0,0,0,-69.75
0,1,1,1,0,1,1,1,0,0,0,1,1,0,1,1,0,1,1,1,0,1,0,0,0,0,1,0,1,0,1,1,1,1,0,0,1,0,0,0,1,0,1,0,1,1,0,0,0,0,1,1,1,0,0,0,1,0,0,0,0,0,1,0,1,1,0,1,0,1,1,0,0,0,0,1,0,0,1,0,0,-66.0
0,1,0,1,1,1,0,1,1,1,1,1,0,1,1,0,1,1,1,0,0,1,0,0,1,1,1,0,0,0,1,0,1,0,0,1,0,0,1,0,0,0,1,0,1,1,1,0,1,0,1,1,1,0,0,1,0,0,0,1,1,0,0,1,0,0,0,1,0,1,0,0,1,0,0,0,0,1,1,1,1,-48.0
1,0,1,1,1,0,1,0,0,1,1,1,1,0,1,0,1,0,1,0,0,0,1,0,0,0,0,0,1,0,1,0,1,1,0,0,1,0,0,0,1,1,0,0,0,1,1,0,1,1,1,1,1,0,1,0,0,0,1,1,1,1,0,0,1,1,0,0,0,0,0,0,0,0,0,1,1,1,1,0,0,-61.5
0,0,0,1,1,1,0,0,1,1,0,1,1,0,1,0,0,1,1,0,0,1,1,0,1,0,0,1,1,0,1,0,1,1,0,1,1,0,0,0,1,1,0,1,1,0,1,0,0,0,1,1,1,0,0,0,1,0,1,0,0,1,1,0,1,0,0,0,1,1,1,0,0,0,1,1,0,0,1,0,1,-59.75
0,0,1,1,0,0,0,0,0,0,1,1,1,0,0,0,0,0,1,0,0,0,0,0,0,0,0,0,1,0,1,0,1,1,0,1,1,1,0,1,1,1,0,0,0,0,0,0,0,1,0,0,1,0,0,0,0,1,1,0,1,1,0,0,1,1,0,0,0,1,1,0,0,1,1,1,0,1,1,1,0,-55.0
1,0,1,1,1,1,0,0,0,0,1,1,1,0,1,1,0,1,1,0,0,1,0,0,1,0,1,1,1,0,1,0,0,1,0,0,0,0,0,0,1,1,0,0,0,0,1,0,0,1,1,1,1,0,1,0,0,0,1,1,0,1,1,1,1,1,0,0,0,1,0,1,1,1,1,1,0,1,1,0,1,-65.5
0,0,0,1,0,1,1,0,1,0,1,1,1,0,1,1,0,0,1,1,0,0,1,1,0,0,1,1,1,0,0,1,1,1,0,0,1,0,0,0,1,0,0,1,0,1,0,0,1,1,1,1,1,0,0,0,0,0,0,0,1,1,0,0,1,1,0,1,1,1,1,1,0,1,1,1,1,0,1,1,1,-46.5
1,1,1,1,1,1,0,0,0,1,1,1,1,0,1,1,1,0,1,1,0,0,0,0,0,0,0,0,1,0,1,0,1,1,0,0,1,0,0,0,1,1,1,0,0,1,0,0,0,1,1,1,1,1,0,0,1,1,1,0,0,1,0,1,1,1,0,0,0,1,0,1,0,0,1,1,1,1,1,0,0,-66.5
1,1,1,0,1,1,0,1,1,0,1,1,1,0,0,1,1,0,1,0,0,0,0,0,0,0,1,0,1,1,0,0,1,1,0,1,1,0,0,1,0,1,1,0,1,0,0,0,0,1,1,1,1,1,1,0,1,0,0,0,0,0,0,1,1,0,0,0,0,0,0,1,0,1,1,0,1,0,1,0,1,-60.75
1,0,1,1,0,0,1,0,0,1,1,0,1,0,1,0,1,0,1,0,0,0,0,0,1,0,1,0,1,0,1,0,1,0,0,0,1,1,0,0,0,1,0,0,0,1,1,0,0,1,1,0,1,1,0,0,0,0,0,0,0,1,1,0,1,0,0,0,1,1,0,0,1,0,1,1,1,0,1,0,0,-45.5
1,0,0,1,1,0,1,0,0,0,1,1,1,0,0,1,0,0,1,0,0,1,1,0,1,0,0,0,1,0,1,1,1,1,0,0,1,0,0,0,1,1,0,1,1,1,0,0,1,1,1,1,1,0,0,0,0,1,0,0,0,0,0,1,1,1,0,1,0,1,0,0,1,1,1,1,0,1,1,0,0,-69.0
0,0,0,0,1,0,1,1,1,0,0,1,1,0,1,0,0,1,1,0,0,1,1,0,1,0,1,1,1,0,1,0,1,1,0,0,1,0,0,1,0,1,1,1,1,0,0,0,1,0,1,1,1,1,0,0,0,0,1,0,0,1,1,0,1,1,0,1,0,1,0,0,0,0,1,1,1,0,1,0,0,-63.0
1,0,1,1,1,0,0,0,0,0,1,1,1,1,1,1,0,0,1,0,0,0,1,0,0,0,0,0,1,0,1,1,1,1,0,1,0,0,0,1,1,0,1,0,1,0,0,0,0,0,0,0,1,1,1,0,1,1,0,0,0,1,1,1,1,1,0,0,1,1,0,0,1,1,0,1,1,1,1,0,0,-51.75
1,0,1,1,0,1,1,1,0,0,1,0,1,0,0,0,1,1,1,0,0,1,1,0,0,0,0,1,1,0,1,0,1,1,0,1,1,0,0,1,1,0,0,0,0,0,0,0,0,1,1,1,1,0,1,0,0,0,0,0,0,0,1,0,1,1,0,1,1,0,0,0,1,0,1,1,0,0,1,0,1,-61.75
0,1,0,1,1,1,0,1,1,0,0,1,1,0,1,0,0,0,1,0,0,1,1,0,0,0,1,1,1,0,1,0,1,1,0,1,1,0,0,0,1,0,0,1,0,0,0,0,0,1,0,1,1,1,1,0,0,0,0,1,0,1,1,1,1,1,0,0,1,1,1,1,1,0,1,1,1,0,1,0,0,-59.0
1,0,1,1,1,1,0,0,0,0,0,1,1,0,0,0,1,0,1,1,0,0,1,0,0,0,1,0,1,1,1,0,1,1,0,0,1,1,0,0,1,1,0,0,1,0,1,0,0,1,1,1,1,0,0,0,0,1,0,0,1,1,1,1,1,1,0,0,1,1,0,0,1,0,1,0,1,1,1,0,0,-50.75
1,0,1,1,1,1,1,0,0,0,0,0,0,0,1,1,1,0,1,0,0,1,1,0,0,1,0,1,1,0,1,0,0,1,0,1,0,0,0,0,1,0,0,0,0,0,1,0,0,0,1,1,1,0,0,0,0,0,0,0,0,1,1,1,1,1,0,0,0,1,0,0,0,0,1,0,0,1,0,0,0,-60.5
0,0,0,1,1,1,0,0,0,1,0,1,1,0,0,1,1,0,1,0,0,1,1,0,0,0,0,1,1,0,1,0,1,1,0,1,1,1,0,0,1,1,0,0,0,1,0,0,0,1,0,1,1,0,0,0,0,1,1,1,0,1,0,1,1,1,0,0,1,0,0,0,0,0,1,1,0,1,1,0,1,-59.75
1,0,0,1,1,0,1,0,0,0,1,1,1,0,1,0,1,0,1,0,0,1,0,0,1,1,0,1,1,0,1,0,1,1,0,0,0,0,0,1,1,0,0,0,1,0,0,0,0,0,1,1,1,0,0,0,0,0,1,0,0,1,1,0,1,1,1,1,0,1,1,0,0,1,1,0,1,1,1,0,0,-70.25
0,0,0,0,1,0,1,0,0,0,0,0,1,0,0,1,0,0,1,1,0,1,0,0,0,1,1,0,1,0,1,0,0,1,0,1,0,0,0,1,1,0,0,1,1,1,0,0,0,0,1,1,1,1,0,0,0,1,1,0,0,1,1,1,1,1,0,1,1,1,0,0,0,1,1,1,1,0,0,1,0,-60.25
1,0,1,1,1,1,1,1,1,1,1,1,0,0,0,1,0,1,1,1,0,0,0,0,0,0,1,1,0,0,0,0,1,1,0,1,1,0,1,0,1,0,1,0,0,0,0,0,1,1,1,1,1,0,0,0,0,1,0,1,1,1,1,1,1,0,0,0,0,0,0,1,1,1,0,1,1,0,1,0,0,-45.75
1,0,1,1,1,0,1,0,1,0,1,1,0,0,0,0,1,1,1,1,0,0,1,0,0,1,0,0,1,1,1,0,0,1,0,1,1,0,0,0,1,1,0,0,0,1,1,0,1,0,1,0,1,0,0,0,0,0,1,0,0,1,1,0,0,1,1,1,0,0,0,1,1,1,1,1,0,0,1,0,0,-54.25
0,0,0,1,1,1,0,0,1,0,1,1,1,0,0,0,1,0,1,0,0,1,0,0,1,0,1,0,1,0,1,0,0,1,0,0,0,0,0,1,1,1,0,0,0,0,1,0,0,1,1,0,1,1,1,0,0,1,1,1,0,1,1,0,1,1,0,0,0,1,0,0,0,0,0,1,0,1,1,0,0,-58.0
1,1,0,1,1,0,1,1,0,0,1,1,1,0,0,0,0,0,1,0,0,1,0,0,1,1,1,1,1,0,1,0,1,1,0,1,0,1,1,1,0,0,1,0,0,1,0,0,0,1,1,0,1,0,0,0,1,0,0,0,1,1,0,1,0,1,0,0,1,1,1,0,0,1,1,1,0,1,1,1,0,-54.5
1,0,0,1,1,0,0,0,0,1,1,0,1,0,1,0,0,0,1,0,0,1,1,0,1,1,0,0,0,0,0,0,1,1,0,0,1,1,0,0,1,1,0,0,0,1,0,0,0,1,1,1,1,1,1,1,0,0,1,0,0,1,0,0,1,1,1,1,0,1,1,0,1,1,1,1,1,1,1,1,1,-55.5
0,0,0,1,1,0,1,1,0,1,0,1,1,0,0,0,1,0,1,0,0,1,1,1,0,0,0,1,1,1,1,1,0,1,0,1,1,1,0,0,1,1,0,0,1,0,0,0,0,1,1,1,1,1,0,0,1,0,1,0,0,1,1,1,1,1,0,0,0,1,0,1,1,0,1,0,0,1,0,1,1,-68.25
1,0,1,1,0,1,0,1,0,0,0,1,1,0,0,0,0,0,1,0,0,1,0,0,1,0,1,0,1,1,1,1,1,1,0,1,0,0,0,1,1,0,0,0,0,1,0,0,0,1,1,1,1,1,1,0,0,0,1,0,0,1,1,0,1,1,0,0,0,1,1,1,0,0,1,1,0,1,1,0,1,-62.25
1,0,0,1,0,0,0,1,1,1,0,1,1,0,1,1,1,1,1,0,0,0,0,0,1,0,1,1,1,0,1,0,1,1,0,1,0,0,0,0,1,0,0,0,1,0,0,0,0,1,0,0,1,1,1,0,0,0,1,0,0,1,0,0,1,1,0,1,0,0,1,0,1,0,0,0,1,1,0,0,1,-61.25
1,0,1,1,1,0,1,0,0,0,1,1,1,0,1,0,1,0,1,1,0,1,0,0,0,0,0,0,1,0,1,0,1,1,0,0,1,1,0,1,1,1,1,0,0,1,1,0,0,0,0,1,1,1,0,0,0,1,1,0,0,0,0,1,1,1,0,0,0,0,1,1,1,0,1,1,0,1,1,1,0,-67.5
1,0,0,1,0,0,0,1,1,1,1,1,1,0,0,1,0,0,1,0,0,1,1,0,0,1,0,0,0,0,1,1,1,1,0,1,0,0,0,1,0,1,1,0,0,0,1,0,1,0,0,0,1,0,0,0,1,1,0,0,0,1,1,0,1,1,0,1,0,1,0,1,0,1,0,1,0,1,0,1,0,-52.75
1,0,0,0,0,0,0,0,0,1,1,1,1,0,1,1,1,0,1,0,0,1,1,0,1,0,1,0,1,0,1,0,0,1,0,1,1,0,0,1,1,0,0,0,0,1,0,0,0,1,1,1,1,1,0,0,0,0,0,0,0,0,1,1,1,1,0,0,1,1,1,1,1,1,0,0,1,1,0,1,0,-49.5
1,1,1,1,1,0,1,0,1,1,0,1,1,0,0,0,0,0,1,0,0,1,1,0,1,0,0,0,1,1,1,0,1,1,0,1,0,0,0,0,1,1,1,0,0,1,1,0,0,0,1,1,1,1,0,0,0,1,0,0,0,1,1,1,1,1,1,1,1,0,0,1,1,0,1,1,1,1,1,0,0,-62.25
0,0,1,1,1,1,1,0,0,1,0,1,0,0,0,1,1,0,1,0,0,1,0,1,1,0,0,0,0,0,1,0,1,1,0,1,0,1,0,0,1,1,1,0,1,1,0,0,1,1,1,1,1,1,0,0,1,0,1,0,0,0,0,0,1,1,0,0,0,1,1,1,0,0,1,0,1,0,1,0,0,-45.5
0,0,1,1,0,1,1,1,0,1,1,0,1,0,1,1,1,1,1,1,0,1,1,0,0,1,0,1,1,1,0,1,1,1,0,0,0,0,0,0,1,1,0,0,0,0,1,0,0,0,0,0,1,1,0,0,0,1,1,0,0,1,1,1,1,1,0,0,1,1,0,1,1,0,1,1,0,0,1,0,0,-55.0
1,1,0,1,0,0,1,1,0,1,1,1,1,0,0,1,0,0,1,1,0,1,1,0,0,0,0,1,1,0,1,1,1,1,0,1,1,0,0,0,1,1,1,0,1,1,0,0,0,1,1,1,1,0,0,0,0,0,1,0,0,0,0,1,0,1,1,1,0,0,0,1,0,1,1,1,0,0,1,0,0,-80.25
1,0,0,1,0,0,1,0,0,1,1,1,1,0,1,0,1,1,1,0,0,0,1,0,0,0,1,0,1,0,1,0,1,1,0,1,1,0,0,0,1,1,0,0,1,1,0,0,0,0,0,1,1,0,0,0,1,1,1,0,0,1,1,1,1,1,1,0,0,0,0,1,0,0,1,0,1,0,0,0,0,-62.5
1,0,0,0,1,1,1,0,1,1,0,1,1,0,0,0,0,0,1,1,0,1,0,0,0,1,0,1,1,0,1,1,0,1,0,1,1,0,0,1,1,1,1,0,1,1,0,0,1,1,1,0,1,1,1,0,0,1,1,0,0,1,0,1,0,1,1,1,0,1,0,0,0,0,1,1,0,0,1,0,1,-60.5
1,1,1,1,0,0,0,0,0,1,0,1,1,0,1,1,1,0,1,0,0,1,1,0,1,0,0,1,0,0,1,1,1,1,0,1,1,1,0,0,0,1,1,0,0,1,0,0,0,1,1,1,1,1,1,0,0,0,0,0,0,0,0,1,0,1,1,1,0,1,0,1,1,0,1,1,1,0,0,0,0,-53.75
0,1,0,1,1,0,1,1,1,1,1,1,1,0,0,0,0,0,1,0,0,1,0,0,1,0,1,1,1,1,1,1,1,1,0,1,1,0,0,1,1,0,1,0,1,0,0,0,0,1,1,1,1,1,0,0,0,0,1,0,0,0,0,1,0,1,1,1,0,0,1,0,0,1,1,1,0,0,1,0,0,-68.0
0,1,1,1,1,1,1,0,1,0,1,0,0,0,1,1,0,1,1,1,1,0,1,0,1,1,0,0,1,1,0,0,1,0,1,0,1,1,0,1,0,0,1,1,0,0,1,0,0,0,0,1,1,0,1,0,0,0,0,0,1,0,0,1,0,1,0,0,0,0,1,1,0,0,1,0,0,1,0,0,1,-42.25
1,1,0,1,0,1,1,0,0,0,1,1,1,0,1,0,1,1,1,0,0,1,1,0,0,0,0,1,1,0,1,0,0,1,0,0,0,0,0,0,1,1,1,0,0,1,0,0,1,1,1,1,1,0,0,0,0,1,0,0,0,0,0,1,0,1,1,1,0,1,0,1,1,1,1,1,0,1,1,0,0,-56.75
1,0,0,1,0,0,1,1,0,1,0,1,1,0,0,1,0,1,1,0,0,1,1,0,0,0,0,1,1,0,1,0,1,1,0,1,1,0,0,0,1,1,1,0,1,1,1,0,0,1,1,1,1,0,1,0,0,1,1,0,0,1,0,1,0,0,0,1,0,1,0,0,1,0,1,1,1,0,1,0,0,-68.0
0,0,0,1,1,0,0,1,1,1,0,1,1,0,0,1,0,1,1,1,0,0,0,0,0,0,1,0,1,0,1,1,1,1,0,0,1,1,0,1,1,1,1,1,1,1,0,0,0,1,1,1,1,0,1,0,0,0,0,0,0,0,0,0,1,1,1,1,0,1,1,0,1,1,1,1,0,1,1,0,0,-57.0
0,1,1,0,0,1,0,1,0,1,1,1,0,0,1,1,1,1,1,1,0,1,1,0,0,0,1,1,1,0,1,1,1,1,0,1,1,0,0,1,1,1,0,0,1,0,0,0,0,0,0,1,1,0,0,1,0,1,0,0,0,1,1,1,0,1,0,1,0,1,0,1,0,0,1,0,1,1,1,0,0,-60.5
0,0,0,0,1,0,0,0,1,1,0,1,1,0,0,0,1,1,1,1,0,1,1,0,0,0,0,0,1,0,1,0,1,1,0,1,1,0,0,0,1,0,0,1,1,1,0,0,1,0,1,1,1,0,0,0,0,0,0,0,0,1,0,1,1,0,1,1,0,1,0,1,1,0,1,0,0,1,1,0,0,-65.75
1,1,0,1,0,0,1,1,0,0,0,1,1,0,0,1,0,0,1,1,0,1,1,0,0,0,0,0,1,0,1,1,1,1,0,0,1,0,0,0,0,1,1,0,1,1,0,0,0,1,0,1,1,0,0,0,1,1,0,0,0,1,0,0,0,0,0,0,0,0,0,1,1,1,1,1,0,0,1,0,0,-69.75
1,0,0,1,1,0,1,1,0,0,1,1,1,0,1,0,0,1,1,1,0,1,1,0,0,1,0,1,1,0,1,0,1,1,0,1,1,0,0,0,1,1,1,0,1,1,0,0,0,1,1,1,1,0,0,0,0,0,0,0,0,1,0,1,0,1,0,1,0,0,0,1,1,1,1,1,1,1,1,0,0,-70.25
0,0,0,1,0,0,1,1,1,1,0,0,1,0,0,1,1,0,1,1,0,1,0,0,1,0,0,1,1,0,1,1,1,1,0,0,0,0,0,1,1,0,0,0,1,1,0,0,0,0,1,1,1,0,0,0,0,0,1,0,0,1,0,1,1,1,0,0,0,0,0,0,0,0,1,1,1,1,1,0,1,-68.75
1,1,0,1,0,0,0,0,0,1,0,1,1,0,1,0,0,1,1,0,0,1,0,1,0,0,0,1,1,1,1,0,1,1,0,0,1,0,0,0,0,1,1,0,1,1,1,0,0,1,1,1,1,1,0,0,0,1,1,0,0,0,1,1,1,0,0,0,0,0,1,1,1,0,1,1,0,1,1,0,1,-53.5
0,1,0,1,1,0,1,1,0,1,1,1,1,0,0,1,1,0,1,0,0,1,1,0,1,0,0,1,1,0,1,0,0,1,0,1,0,0,0,1,1,1,1,1,0,1,0,0,0,1,0,1,1,1,0,0,0,0,0,0,0,0,0,0,0,1,0,1,0,0,0,0,1,0,1,1,0,0,1,0,1,-62.25
1,0,0,0,1,0,0,1,0,1,1,1,1,0,0,1,0,0,1,1,0,1,0,0,0,0,1,1,1,0,1,1,1,1,0,0,1,0,0,0,0,1,1,0,1,1,1,0,0,0,1,1,1,0,0,0,0,0,1,0,0,1,1,1,1,0,0,0,0,0,0,1,0,0,1,1,0,1,0,0,0,-72.25
1,0,1,1,1,0,1,0,1,0,0,1,1,0,0,1,1,0,1,0,0,1,1,0,0,0,1,0,1,0,1,0,0,1,0,0,1,0,0,1,0,0,1,1,1,1,0,0,0,1,1,1,1,0,0,0,0,0,1,0,0,1,0,1,1,1,0,1,0,0,0,0,0,1,1,1,0,1,0,0,1,-76.75
1,0,0,0,0,1,1,1,0,1,0,1,1,0,0,1,0,0,1,1,0,1,1,0,1,0,1,1,1,0,1,1,0,1,0,0,1,0,0,0,0,0,1,0,1,0,0,0,0,0,0,1,1,0,0,0,0,0,1,0,0,1,1,1,0,1,0,1,0,0,1,1,0,0,1,1,1,1,1,0,1,-79.0
0,0,0,1,0,0,1,1,0,0,0,1,1,0,0,1,0,0,1,0,0,1,1,0,1,0,0,0,1,0,0,1,1,1,0,1,1,0,0,1,0,1,1,1,1,1,0,0,0,0,1,1,1,0,0,0,0,0,1,0,0,0,0,1,1,1,0,1,0,1,0,1,0,1,1,1,1,1,1,0,0,-75.5
1,1,0,0,0,1,0,0,0,0,1,1,1,0,0,1,1,0,1,1,0,1,0,0,0,0,0,1,1,0,1,1,0,1,0,1,1,0,0,1,1,1,1,0,1,1,1,0,0,0,1,0,1,0,0,0,0,0,0,0,0,0,1,1,0,1,1,1,0,0,1,1,0,1,1,1,0,0,1,0,0,-44.0
0,0,0,1,0,0,0,1,1,0,1,1,1,0,1,0,0,0,1,0,0,0,1,0,1,0,1,0,1,0,1,0,1,1,0,1,1,0,0,0,0,1,1,0,1,1,0,0,0,0,1,1,1,1,0,0,0,1,1,0,0,0,1,1,1,1,0,1,0,1,0,0,0,1,1,0,0,1,1,0,1,-75.5
0,0,1,1,0,0,1,1,1,1,1,1,1,0,1,1,0,0,1,1,0,1,0,0,1,0,1,1,1,1,1,0,0,1,0,0,1,0,0,0,0,1,1,0,0,1,1,0,0,0,1,1,1,0,0,0,0,0,1,0,0,1,1,1,1,1,0,0,0,0,0,1,0,1,1,1,0,1,1,0,0,-73.0
1,0,0,1,1,1,1,1,1,0,1,1,1,0,1,0,0,1,1,1,0,1,1,1,0,0,0,1,1,1,1,0,1,0,0,1,1,1,1,0,1,1,1,1,0,1,0,0,0,1,1,1,1,0,0,0,0,1,1,1,0,1,1,1,0,0,0,1,0,0,0,1,0,1,1,0,1,1,0,0,0,-43.5
1,1,0,1,1,1,1,1,0,1,0,1,1,1,1,1,0,0,1,1,0,1,0,0,0,0,0,0,1,0,1,0,1,1,0,1,1,0,0,0,0,1,1,0,0,0,0,0,0,0,0,0,1,0,0,0,0,1,1,0,0,1,0,1,1,1,1,1,1,1,1,0,1,0,1,0,1,1,0,0,1,-68.25
0,0,0,1,0,0,1,1,0,0,1,1,1,0,0,1,0,0,1,0,0,1,0,0,0,1,1,1,1,0,1,1,0,1,0,0,1,0,0,0,0,0,1,0,1,0,0,0,0,0,1,0,1,0,0,0,0,1,1,0,0,0,0,1,0,1,0,1,0,1,0,0,1,1,1,1,0,0,1,0,0,-69.25
0,0,0,1,0,0,1,1,0,0,0,1,1,0,0,0,0,0,1,1,0,1,1,0,1,0,1,1,1,0,1,0,0,1,0,0,1,0,0,0,1,1,1,0,1,1,0,0,0,1,1,1,1,0,0,0,0,0,1,0,0,1,0,1,1,1,0,1,0,0,0,1,0,1,1,1,0,1,1,0,1,-59.75
1,0,0,0,0,0,0,1,1,1,0,1,1,0,0,0,1,0,1,1,0,1,1,0,1,0,0,0,1,0,1,1,0,1,0,1,0,0,0,1,0,0,1,1,0,0,0,0,0,1,1,1,1,1,0,0,0,1,1,0,0,1,0,1,0,1,0,1,0,0,0,0,0,1,1,1,0,0,0,0,1,-67.25
1,0,1,1,1,0,0,1,0,0,0,1,1,0,1,1,1,0,1,0,0,0,1,0,0,0,0,0,1,0,1,0,1,1,0,1,1,0,0,0,0,1,1,1,0,1,0,0,0,1,1,1,1,0,0,0,0,0,1,0,0,1,1,1,0,1,0,0,0,0,0,1,1,1,1,0,0,0,1,0,1,-71.25
1,1,1,1,0,1,1,1,0,1,0,1,1,0,1,1,0,0,1,0,0,1,0,0,0,0,0,1,1,0,1,1,1,1,0,1,1,0,0,0,0,0,1,0,0,0,0,0,0,0,0,1,1,0,0,0,0,1,1,0,0,1,0,1,0,1,0,1,0,1,0,0,0,0,1,1,0,0,1,0,0,-61.0
1,0,1,1,1,0,1,1,1,0,0,1,1,1,0,1,0,0,1,1,0,0,1,0,1,0,1,0,1,1,1,0,0,1,0,0,1,0,0,0,1,0,1,1,1,1,0,0,0,1,1,1,1,0,0,0,1,0,1,1,0,0,0,1,0,0,0,1,0,1,0,1,0,1,1,0,0,1,1,0,1,-33.25
0,0,0,1,1,1,1,0,0,1,0,1,1,0,0,1,0,0,1,1,0,1,0,0,1,0,0,1,1,0,1,1,1,1,0,1,1,0,0,1,0,1,1,1,0,0,0,0,0,1,1,1,1,0,1,0,0,0,1,0,0,1,0,1,0,1,1,1,0,1,1,1,1,1,1,0,0,1,1,0,1,-76.0
1,0,0,1,1,1,1,1,0,0,0,1,1,0,0,0,1,1,1,0,0,1,0,0,1,1,1,0,1,0,0,0,0,1,0,0,1,0,0,0,0,0,1,0,1,0,1,0,0,0,1,1,1,1,0,0,0,1,1,0,0,1,1,1,1,1,1,0,1,0,0,0,1,1,1,0,1,1,0,0,1,-68.5
0,0,0,1,0,0,0,1,1,1,1,1,1,0,0,1,0,0,1,0,1,1,0,0,1,0,0,0,1,0,1,1,1,0,0,0,0,0,0,1,0,0,1,1,1,1,1,0,0,0,1,1,1,0,1,0,0,1,1,0,0,1,0,0,1,1,0,1,0,0,1,1,0,1,1,1,0,1,1,0,1,-66.5
0,1,0,1,0,0,1,1,0,1,1,1,1,0,0,0,0,1,1,1,0,0,1,1,1,0,0,1,1,0,1,0,1,1,0,1,1,0,0,0,1,1,1,0,1,0,1,0,0,1,1,1,1,0,0,0,1,1,1,0,0,1,0,1,0,1,1,0,0,1,0,1,0,1,1,1,1,1,0,0,1,-73.25
0,0,1,1,1,1,1,1,1,1,0,1,1,0,0,0,1,1,1,1,0,0,0,1,1,0,1,0,1,0,1,1,1,0,0,1,1,0,0,0,0,1,1,0,0,1,0,0,0,0,1,1,1,0,0,0,0,1,1,0,0,1,1,1,1,1,0,1,0,0,1,0,0,0,1,0,0,1,0,0,0,-54.0
0,0,0,1,1,0,1,0,0,1,0,1,1,0,1,1,0,0,1,0,0,0,0,0,1,0,1,0,1,0,1,1,1,1,0,0,1,0,0,1,0,0,1,1,1,0,0,0,0,0,0,1,1,0,0,0,0,1,1,0,0,1,1,1,0,1,0,0,0,1,0,0,1,0,1,1,1,1,0,0,1,-71.75
0,0,1,1,0,1,1,1,1,1,1,1,1,0,1,0,0,1,1,0,0,0,1,0,0,1,1,1,1,0,1,1,0,1,0,0,1,0,0,0,0,1,1,0,1,0,0,0,0,1,0,1,1,1,1,0,0,1,1,0,0,0,0,1,1,1,0,0,0,0,1,0,0,0,1,0,0,1,0,0,0,-57.5
1,0,1,1,0,0,1,0,0,0,1,1,1,0,1,0,1,1,1,0,0,1,1,0,0,0,0,1,1,0,1,0,1,1,0,0,0,0,0,1,0,0,1,0,1,1,1,0,1,1,0,1,0,0,0,0,0,0,1,0,0,1,1,1,1,1,1,0,1,1,0,1,1,1,1,1,0,1,0,0,0,-56.25
0,1,0,1,0,1,0,1,0,1,0,1,1,0,0,1,1,0,1,0,0,1,1,0,1,1,1,0,1,0,1,0,1,1,0,1,1,1,0,0,1,0,1,0,1,0,1,0,1,0,1,1,1,0,1,0,1,1,0,0,0,1,0,1,1,1,0,0,0,0,0,0,1,0,1,1,0,0,0,0,0,-84.25
0,1,0,0,1,1,1,1,0,1,0,1,1,0,0,1,1,0,1,1,0,1,1,0,1,0,0,1,1,0,1,0,1,1,0,1,1,0,0,0,1,1,1,1,0,0,1,0,1,0,0,1,1,0,0,0,1,1,0,0,0,1,0,0,1,1,1,1,0,1,0,0,0,1,1,1,1,0,0,0,1,-72.0
1,0,0,1,1,1,1,1,0,1,0,1,1,0,0,1,1,0,1,0,0,1,1,0,1,0,0,0,1,0,1,0,1,1,0,1,1,1,0,0,0,0,0,1,1,0,0,0,0,0,1,1,1,0,1,0,0,0,1,0,0,1,0,1,0,1,0,0,0,1,0,1,0,1,1,1,0,0,0,0,1,-71.25
0,0,0,1,0,1,1,1,0,0,1,1,1,0,1,1,0,0,1,0,0,1,1,0,0,1,0,1,1,0,1,1,1,1,0,1,1,0,0,0,0,1,1,0,1,1,0,0,1,1,1,1,1,0,1,1,0,0,1,0,0,1,1,1,1,1,1,1,0,1,0,0,1,0,1,1,1,0,1,1,1,-72.25
0,1,0,1,1,0,1,1,1,1,1,1,1,0,1,0,1,0,1,1,0,1,0,0,0,1,1,1,1,0,1,0,1,1,0,1,1,1,0,0,1,1,1,0,0,1,1,0,1,0,0,1,1,0,0,0,1,0,1,0,0,1,0,1,1,1,0,0,0,0,0,1,0,1,1,1,0,0,1,1,1,-49.5
1,1,0,1,0,1,0,1,1,1,1,1,1,0,0,1,1,0,1,0,0,1,1,0,0,1,1,0,1,0,1,0,1,1,0,1,1,0,0,0,0,1,1,1,1,0,1,0,0,0,0,1,1,0,0,0,0,0,1,0,0,1,0,1,1,1,1,0,0,1,0,1,0,1,1,1,0,1,0,0,0,-56.25
1,1,1,1,0,1,0,1,0,0,0,1,1,0,1,1,0,0,1,1,0,1,0,0,0,1,1,0,1,0,1,1,1,1,0,0,0,0,0,1,1,0,1,0,0,1,0,0,0,0,1,1,1,1,0,0,1,1,1,0,0,1,0,1,1,1,0,0,0,1,0,0,1,1,1,1,1,1,1,0,0,-66.0
0,1,0,1,1,0,1,0,0,1,0,1,1,0,1,0,0,0,1,1,0,1,1,0,0,0,1,1,1,0,1,0,1,0,0,0,1,0,0,0,1,1,0,0,1,0,0,0,0,1,1,0,1,0,1,1,1,1,1,0,0,1,0,0,1,1,0,1,0,1,0,0,0,0,1,0,0,1,0,0,0,-61.75
1,1,0,1,1,0,1,1,0,1,1,1,1,0,1,1,1,0,1,0,0,1,0,0,1,1,1,0,1,0,1,0,1,1,0,1,0,0,0,0,1,1,1,0,1,0,0,0,1,0,1,1,1,1,1,0,1,0,0,0,0,1,0,1,1,1,1,1,0,1,0,0,1,0,1,0,1,1,0,0,0,-58.5
0,1,0,1,1,0,0,0,0,1,1,1,0,0,0,1,0,0,1,0,0,1,1,0,0,1,0,0,1,0,1,0,1,0,0,1,1,1,0,1,1,1,1,0,0,0,0,0,0,1,1,1,1,1,1,0,1,1,1,0,0,0,0,1,1,1,0,0,0,1,0,1,1,1,1,1,1,0,0,0,0,-45.25
1,1,1,1,0,1,0,1,1,1,0,1,1,0,0,1,0,0,1,1,0,1,1,0,1,0,0,1,1,0,1,1,1,1,0,1,1,0,0,1,1,0,1,0,1,1,1,0,0,0,1,1,1,0,0,0,0,0,1,0,0,0,0,0,1,1,0,1,0,0,0,0,0,0,1,1,0,1,1,0,0,-69.75
0,0,0,1,0,1,0,1,0,0,0,1,1,0,1,1,1,0,1,1,0,0,0,0,1,0,0,0,1,0,1,1,1,1,0,1,1,0,0,0,0,0,1,0,0,0,1,0,0,0,0,1,1,0,0,1,0,1,0,0,0,1,1,1,1,1,0,1,0,1,0,1,1,0,1,1,1,1,1,0,1,-66.75
0,1,1,1,0,1,0,0,0,1,0,1,1,0,0,1,1,1,1,1,0,0,0,0,0,0,0,1,1,0,0,0,1,1,0,1,1,1,0,0,1,1,1,0,0,0,0,0,0,1,1,1,1,0,0,0,1,1,1,0,0,1,0,0,0,0,0,0,0,0,0,1,0,0,1,1,0,0,1,0,0,-69.5
0,1,1,0,0,0,1,0,0,0,0,1,1,0,0,1,0,0,1,0,0,1,1,0,1,0,0,0,1,0,1,0,1,1,0,0,1,1,0,1,1,0,1,0,0,0,0,0,0,0,1,1,1,0,1,0,1,1,1,0,0,0,0,1,1,1,0,1,0,1,0,1,0,0,1,1,1,0,1,0,0,-70.0
0,0,0,1,1,0,0,0,0,0,1,1,1,0,0,1,1,0,1,0,0,1,0,0,1,0,1,0,1,0,0,1,0,1,0,1,1,0,0,0,0,1,1,1,0,0,0,0,0,0,1,1,1,0,0,1,0,1,1,0,0,1,1,1,1,1,1,1,1,0,1,1,0,0,1,1,1,1,0,0,1,-72.75
1,1,1,1,1,0,1,1,0,0,1,1,1,0,0,1,0,0,1,0,0,1,0,0,0,0,0,0,1,0,1,0,1,0,0,0,1,1,0,1,1,1,1,0,1,1,1,0,1,0,1,1,1,0,1,0,1,1,0,0,0,1,0,0,1,1,0,0,0,0,0,1,0,0,1,1,1,0,1,0,1,-72.0
0,1,0,1,0,0,1,1,1,0,1,1,1,0,0,1,1,0,1,1,0,1,1,0,0,0,0,0,1,0,1,1,1,1,0,0,1,0,0,0,1,0,1,0,1,1,0,0,0,0,1,1,1,0,0,1,1,1,1,0,0,1,0,0,1,1,1,0,0,0,0,0,0,0,1,1,1,0,0,0,0,-59.25
1,0,1,1,1,0,0,0,0,1,1,1,1,0,0,1,0,0,1,0,0,1,0,0,0,0,0,1,1,0,1,0,1,0,0,1,1,0,0,0,0,0,1,1,1,0,1,0,0,0,1,1,1,0,1,0,0,1,0,0,0,1,0,1,1,1,1,1,0,0,0,0,1,0,0,1,0,1,1,0,1,-62.5
1,1,0,0,1,1,0,1,0,1,0,1,1,0,0,1,0,0,1,1,0,1,1,0,0,1,1,0,1,0,0,0,1,1,0,1,1,1,0,1,1,1,0,0,1,0,0,0,1,1,1,1,1,0,1,0,1,1,0,0,0,1,1,0,0,1,1,0,0,1,0,1,1,0,1,1,0,0,1,0,1,-44.25
0,1,0,1,1,1,0,0,0,1,1,1,1,0,0,0,1,0,1,1,0,1,1,0,1,1,0,0,1,1,1,0,1,1,0,0,0,0,0,0,1,1,1,0,1,1,1,0,1,1,1,1,1,0,1,0,1,1,0,0,0,1,0,0,1,1,1,1,0,0,0,0,0,1,1,0,1,0,0,1,0,-52.25
1,0,1,1,1,0,0,0,0,0,0,1,1,0,1,1,0,0,1,1,1,1,0,0,1,1,1,1,1,0,1,0,0,1,0,0,1,0,0,0,0,1,1,1,1,1,0,0,0,0,1,1,1,1,1,0,0,0,0,0,0,1,1,1,0,1,1,0,0,0,0,1,1,0,1,1,0,1,1,0,1,-75.75
1,1,0,1,0,0,1,0,0,1,0,1,1,0,1,1,0,0,1,1,0,1,1,0,1,1,1,1,1,0,0,1,1,1,0,1,1,0,0,0,0,0,1,1,1,1,0,0,0,1,1,1,1,1,0,0,0,0,0,0,0,0,1,0,0,0,1,0,1,1,0,0,0,1,1,1,0,0,1,0,0,-63.25
1,1,1,1,0,0,1,0,1,0,0,1,1,0,0,1,0,0,1,1,1,1,1,0,0,1,0,0,1,0,0,1,1,1,0,0,0,1,0,1,1,1,1,1,1,1,1,0,0,1,0,1,0,1,1,0,1,1,1,0,0,1,0,1,1,1,0,0,1,1,1,1,1,0,1,0,0,1,1,0,0,-63.75
0,1,0,1,1,0,1,1,0,1,0,1,1,0,0,1,1,1,1,0,0,1,0,0,1,0,0,0,1,0,0,0,1,1,0,1,1,1,0,0,1,1,1,0,1,0,1,0,0,0,1,1,1,1,0,0,1,1,0,0,0,1,0,0,1,1,0,0,0,0,0,0,1,0,1,0,1,1,1,0,1,-67.25
1,1,0,1,1,1,0,1,0,0,1,1,1,0,1,1,0,0,1,1,1,1,0,0,1,0,0,0,1,0,0,0,1,1,0,1,1,1,0,1,1,1,1,0,1,1,1,0,1,0,1,1,1,0,0,0,1,0,1,0,0,0,1,0,0,0,0,0,0,0,1,1,1,1,1,1,1,1,1,0,0,-52.0
0,0,0,1,0,0,1,1,0,1,1,1,1,0,0,1,1,0,1,0,1,1,0,0,1,1,1,1,1,0,1,1,0,1,0,1,1,0,0,0,0,1,1,0,0,1,0,0,0,0,1,1,1,0,0,0,0,1,1,0,0,1,1,1,0,0,0,0,1,0,0,1,0,1,0,1,1,1,1,0,0,-54.0
1,1,0,1,0,0,1,0,0,1,1,1,1,0,0,0,0,0,1,1,0,1,1,0,0,0,1,0,1,0,1,0,1,1,0,1,1,0,0,1,1,0,1,1,0,0,0,0,0,0,1,1,1,1,0,0,1,0,0,0,0,1,0,1,1,1,0,0,0,0,0,0,1,1,1,1,0,0,1,0,1,-64.25
1,1,1,0,1,0,0,1,0,0,1,1,0,0,0,0,1,1,1,1,0,0,1,0,0,0,0,0,0,0,1,1,1,0,1,1,1,0,1,0,1,0,0,1,1,1,1,1,0,0,1,0,0,0,1,0,1,0,0,1,1,0,0,1,1,1,0,1,1,1,1,1,0,1,0,0,0,0,1,0,1,-42.25
0,1,1,1,1,0,1,1,0,0,0,1,1,0,0,0,1,0,1,1,0,1,1,0,0,1,1,0,1,0,1,0,1,1,0,1,0,0,0,0,1,1,1,1,1,1,0,0,1,1,1,1,1,0,0,0,0,0,0,0,0,1,0,1,0,1,0,0,0,1,0,1,1,1,1,0,1,0,0,0,1,-76.5
1,1,0,1,0,0,1,1,0,1,0,1,1,0,0,1,0,0,1,0,0,1,0,0,0,0,1,1,1,0,1,0,1,1,0,1,1,0,0,0,1,1,1,0,1,0,1,0,1,1,1,1,0,0,1,0,0,1,0,0,0,1,0,1,1,1,0,1,0,0,1,1,1,1,1,1,0,0,0,0,0,-74.75
0,1,0,1,1,1,1,1,0,1,0,1,1,0,0,0,0,1,1,1,0,1,0,0,0,1,0,0,1,0,1,1,1,1,0,1,1,1,0,0,1,0,1,1,1,1,1,0,0,1,1,1,1,0,0,0,1,0,0,0,0,0,0,1,1,1,0,1,0,1,1,1,0,1,1,1,1,0,0,0,0,-42.0
1,1,0,1,0,0,1,0,0,1,0,1,1,0,0,1,1,0,1,0,0,1,1,0,1,1,0,1,1,0,1,0,1,0,0,0,1,1,0,0,1,0,1,1,1,0,1,0,1,0,1,1,1,0,0,0,1,1,0,0,0,1,0,0,0,1,0,1,0,0,0,1,1,0,1,0,0,1,1,0,0,-83.75
0,1,0,1,0,1,1,0,0,1,0,1,1,0,1,1,1,0,1,0,0,1,0,0,0,1,1,0,1,0,1,0,1,0,0,0,1,1,0,0,1,1,0,1,1,1,1,0,0,0,0,1,1,1,1,0,1,1,0,0,0,1,0,0,0,1,0,1,0,1,0,0,0,1,1,0,1,1,0,1,1,-57.5
1,1,0,1,0,0,1,1,0,0,0,1,1,0,0,1,0,0,1,1,0,1,0,0,1,0,0,1,1,0,1,0,1,0,0,0,0,0,0,0,1,0,1,1,1,1,1,0,1,1,0,1,1,1,1,0,1,1,0,0,0,1,0,1,0,1,0,0,0,0,0,1,1,0,1,1,0,1,1,0,0,-62.25
0,0,0,1,1,1,0,0,0,0,0,1,1,0,0,1,0,0,1,1,0,1,1,0,1,0,1,1,0,0,1,1,0,1,0,0,1,0,0,1,0,0,1,0,1,1,1,0,1,0,1,1,1,1,1,0,0,0,1,0,0,1,0,0,1,1,0,0,0,0,1,0,0,0,1,1,0,1,0,0,1,-75.0
0,0,1,1,1,0,1,1,0,1,0,1,1,0,0,1,0,0,1,1,0,0,1,0,1,0,1,1,1,0,1,0,1,1,0,0,1,0,0,1,1,1,1,1,1,0,0,0,1,0,1,1,1,0,1,0,1,1,1,0,0,1,0,1,0,1,1,1,0,0,0,0,0,0,1,1,0,1,0,0,0,-63.25
0,1,1,0,1,1,1,1,0,0,1,1,0,0,0,1,0,0,1,0,0,1,0,0,1,0,1,1,1,0,1,1,1,1,0,1,0,0,0,0,1,1,1,1,1,1,1,0,0,1,0,1,1,0,1,0,0,0,0,0,0,1,1,1,1,0,1,1,1,1,0,0,1,1,1,0,0,1,0,0,0,-52.25
0,1,1,1,1,0,1,1,0,1,1,1,1,0,0,1,0,0,1,1,0,1,1,0,1,0,1,0,1,0,1,0,1,1,0,1,1,0,0,0,1,1,1,0,1,0,0,0,0,1,1,1,1,0,0,0,0,1,1,0,0,0,0,1,1,1,0,1,0,0,0,0,0,1,1,1,1,0,0,0,1,-80.75
0,0,0,0,0,0,0,1,0,1,1,1,1,0,0,1,0,0,1,0,0,1,1,0,1,0,1,1,1,0,1,0,0,0,0,0,1,0,0,0,0,0,1,0,0,0,0,0,0,0,0,1,1,1,0,0,0,0,0,0,0,1,0,0,1,1,0,1,1,1,0,0,0,1,1,1,1,0,1,0,1,-75.75
1,1,0,1,0,0,0,1,1,1,1,1,1,0,0,1,1,0,1,0,0,0,0,0,1,0,1,0,1,0,1,0,1,1,0,1,0,0,0,1,1,1,1,1,0,0,0,0,1,1,0,1,1,0,0,0,0,0,1,0,0,0,1,1,1,1,0,1,0,0,0,1,1,1,1,0,1,1,1,0,1,-65.5
0,0,1,1,1,1,1,1,0,1,0,1,1,0,0,1,0,0,1,0,0,0,1,0,0,0,1,0,1,0,1,1,0,1,0,1,1,0,0,1,0,1,1,0,1,0,1,0,0,0,1,1,1,0,0,0,0,0,0,0,0,1,1,0,1,1,1,1,0,0,1,0,1,1,1,0,0,1,0,0,0,-69.5
1,1,1,1,1,0,1,0,1,0,1,1,0,1,0,1,0,0,1,0,0,1,0,0,1,1,0,0,1,0,0,1,0,1,1,0,1,0,0,1,1,0,1,0,0,0,1,0,1,0,1,1,1,1,0,0,0,1,1,1,0,1,1,1,0,1,1,0,0,0,1,0,0,1,0,0,0,0,0,0,0,-56.25
0,1,1,1,1,0,1,0,0,0,0,1,1,0,0,1,0,0,1,1,0,1,1,0,1,0,0,1,1,0,1,0,0,1,0,0,1,0,0,0,0,0,1,0,1,0,0,0,0,0,1,1,1,1,1,0,0,1,1,0,0,1,0,0,1,1,0,0,0,0,0,0,1,0,1,1,0,0,1,0,1,-68.0
1,1,1,1,1,1,0,0,0,1,1,1,1,0,0,1,0,0,1,1,0,1,1,0,1,1,0,1,1,0,1,0,1,0,0,1,0,0,0,1,1,1,1,1,1,0,0,0,0,1,1,1,0,0,0,0,0,1,1,0,0,1,0,0,1,1,0,0,0,1,0,0,0,0,1,1,1,0,1,0,0,-74.25
0,0,0,0,0,1,0,0,0,0,1,1,1,0,0,0,0,0,1,0,0,1,1,0,1,0,1,1,1,0,1,0,1,1,0,1,1,0,0,0,0,0,0,1,1,0,0,0,0,0,1,1,1,1,1,0,0,1,1,1,0,0,0,0,1,1,1,0,0,0,0,1,1,1,1,1,0,1,0,0,1,-75.25
1,0,0,1,1,0,1,0,0,1,0,1,1,0,0,1,0,0,1,0,0,1,1,0,1,0,1,0,1,0,1,0,0,1,0,1,0,0,0,0,0,1,1,0,0,1,0,0,0,0,1,1,1,1,1,0,0,1,1,0,0,1,0,1,1,1,1,0,0,1,0,0,1,0,1,1,1,0,1,0,1,-82.25
0,0,1,0,1,1,1,0,0,0,1,1,1,0,0,1,0,0,1,1,0,1,1,0,1,0,0,1,1,0,1,0,0,0,0,0,0,0,0,0,0,0,1,0,0,1,0,0,0,1,1,1,1,0,0,0,0,0,1,0,0,1,0,1,0,1,1,0,0,0,1,1,1,1,1,0,1,0,0,0,1,-57.25
1,1,1,1,1,0,1,0,0,0,0,1,1,0,0,1,0,0,1,1,0,1,1,0,1,1,1,1,1,0,1,0,1,1,0,1,0,0,0,0,1,1,1,0,1,1,0,0,0,1,0,1,1,0,0,0,0,0,1,1,0,1,0,1,0,1,0,1,0,0,0,0,0,1,1,1,0,1,0,0,1,-73.75
1,0,0,1,1,0,1,1,0,1,1,1,1,0,1,0,0,0,1,0,0,1,1,0,1,0,1,0,1,0,1,1,1,1,0,1,0,0,0,0,1,1,1,0,1,1,0,0,0,0,0,1,1,0,0,0,0,1,1,0,0,1,0,0,0,1,0,0,0,1,0,0,1,1,1,1,1,1,1,0,1,-65.0
0,0,0,1,0,0,1,1,0,1,0,1,1,0,0,1,0,0,1,0,0,1,1,0,1,0,1,1,1,0,0,1,0,1,0,1,1,0,0,0,0,0,1,1,1,0,0,0,0,0,1,1,0,1,0,0,0,1,0,0,0,1,0,1,1,1,0,1,1,0,0,1,0,0,1,0,1,0,0,0,1,-73.75
0,1,0,1,0,1,0,1,0,0,0,1,1,0,1,1,1,0,1,0,0,0,1,0,1,0,1,0,1,0,1,0,1,1,0,1,0,0,0,0,1,1,0,1,0,0,0,0,0,0,1,1,0,0,0,0,1,0,0,1,0,1,0,1,1,1,0,0,0,0,0,1,1,0,1,1,1,1,1,0,1,-65.5
0,0,0,1,1,0,0,0,0,1,0,1,1,0,0,1,0,0,1,0,0,0,1,0,1,0,1,0,1,0,1,0,0,1,0,0,1,0,0,0,1,0,1,0,1,1,0,0,0,0,1,1,1,1,1,0,0,1,1,0,0,1,0,1,1,1,1,1,0,0,0,0,0,0,1,1,0,1,1,0,1,-60.25
1,0,1,1,0,0,1,1,0,1,1,1,1,0,1,1,0,0,1,1,0,1,0,0,0,0,0,1,1,0,1,1,0,1,0,1,0,0,0,0,0,1,1,0,1,1,0,0,0,0,1,1,0,1,1,0,0,1,1,0,0,1,0,0,0,1,1,1,1,0,1,0,0,1,1,1,0,0,0,0,1,-72.5
1,0,0,1,1,0,1,1,0,1,0,1,1,0,1,1,0,0,1,1,0,1,1,0,0,1,1,1,1,0,1,1,1,1,0,0,1,0,0,1,0,1,1,1,0,1,0,0,0,0,1,1,1,1,0,0,0,1,0,0,0,1,0,0,0,1,0,1,0,1,0,0,1,1,1,1,0,1,0,0,1,-70.75
1,0,0,1,0,1,0,1,0,1,0,1,1,0,0,1,0,0,1,0,0,1,1,0,1,0,0,1,1,0,1,0,0,1,0,1,1,0,0,1,0,1,1,1,0,0,0,0,0,0,1,0,1,0,1,0,0,0,1,0,0,1,1,1,1,1,1,1,0,0,0,0,0,1,1,1,0,1,0,0,1,-64.0
1,1,0,1,0,1,0,0,0,0,0,1,1,0,1,1,0,0,1,0,0,1,1,0,1,1,0,1,1,0,1,1,1,1,0,0,1,1,0,0,1,1,1,1,1,0,1,0,0,0,1,1,1,0,1,0,1,1,0,0,0,0,0,0,1,1,0,1,0,1,0,1,0,1,1,1,0,1,1,0,1,-63.5
1,1,1,1,1,1,1,1,0,0,0,1,1,0,0,0,1,0,1,0,0,1,1,0,1,1,1,0,1,0,1,0,1,1,0,1,1,1,0,0,1,0,1,0,0,0,1,0,1,0,0,1,1,0,0,0,1,1,0,0,0,1,1,0,0,1,0,0,0,0,0,1,1,1,1,0,0,0,1,0,0,-63.5
1,1,1,0,0,1,0,0,0,0,1,1,1,0,0,1,1,1,1,1,0,1,1,0,0,1,0,1,0,0,1,0,1,0,0,1,1,1,0,1,1,0,1,1,1,0,1,0,1,0,1,1,1,0,0,0,1,0,0,0,0,1,0,1,1,1,0,0,0,0,0,0,0,0,1,0,1,1,1,0,0,-74.75
0,1,0,0,0,1,0,1,0,0,0,1,1,0,0,1,1,0,1,0,0,1,1,0,1,1,0,1,1,0,1,1,1,1,0,1,1,1,0,1,1,0,1,0,1,0,1,0,1,0,1,1,1,0,0,0,1,1,0,0,0,1,0,0,0,1,0,0,0,0,0,0,1,0,1,1,0,1,1,0,0,-74.0
0,1,0,1,1,0,1,1,0,1,1,1,1,0,0,1,0,0,1,1,0,1,1,0,0,0,1,1,0,0,1,1,1,1,0,0,1,0,0,1,1,1,1,0,1,0,1,0,0,0,1,1,1,0,0,0,1,1,1,0,0,1,1,1,1,1,0,0,0,0,0,1,0,1,1,1,0,0,0,0,0,-68.0
1,0,1,1,0,0,1,0,0,0,0,1,1,0,0,1,1,1,1,1,0,1,1,0,1,0,1,1,0,0,1,1,0,1,0,1,1,0,0,0,0,1,1,0,1,0,0,0,0,0,1,1,1,1,0,0,0,1,1,0,0,1,1,1,1,1,0,1,0,1,0,0,1,0,1,0,0,0,1,0,1,-71.25
1,1,1,1,0,0,1,0,0,0,0,1,1,0,0,1,1,0,1,1,0,1,1,0,1,0,0,0,1,0,1,0,1,1,0,1,1,0,0,0,1,1,1,1,1,0,1,0,1,0,1,1,1,0,1,0,1,1,1,0,0,1,0,1,1,1,0,1,0,1,0,1,0,0,1,0,1,1,0,0,0,-67.75
0,0,0,1,0,0,1,0,0,1,0,1,1,0,0,1,0,0,1,0,0,1,1,0,1,0,1,0,1,0,1,0,0,1,0,1,1,0,0,0,0,1,1,0,1,0,0,0,0,0,1,1,1,1,1,0,0,1,1,0,0,1,0,1,1,1,1,1,0,0,0,1,0,0,1,1,1,0,1,0,1,-72.25
1,0,0,0,0,1,1,0,0,1,0,1,1,0,0,0,1,0,1,1,0,1,1,1,0,0,0,1,1,0,1,1,1,1,0,1,1,1,0,1,0,0,1,0,1,0,0,0,0,1,1,1,1,1,0,0,1,1,1,0,0,1,0,0,0,1,0,1,0,0,0,0,1,1,0,1,1,1,1,0,0,-57.75
1,0,0,1,0,0,0,1,0,0,0,1,1,0,0,0,0,0,1,1,0,1,0,0,1,0,1,1,1,0,1,0,1,1,0,1,0,0,0,1,0,0,1,1,0,1,0,0,0,1,1,1,0,1,1,0,0,0,0,0,0,0,0,1,1,1,1,1,0,1,0,0,0,0,1,1,0,0,0,0,1,-71.25
1,0,1,0,1,0,0,1,0,0,1,1,1,0,0,1,1,0,1,1,0,1,1,0,1,0,1,1,1,0,1,0,0,1,0,0,1,0,0,1,0,1,1,1,0,0,0,0,0,0,1,1,0,1,0,0,0,1,1,0,0,1,0,0,0,1,0,1,0,1,0,0,1,0,1,1,0,1,1,0,1,-57.5
0,0,0,0,0,0,0,1,0,1,1,1,1,0,1,1,0,0,1,0,0,1,1,0,1,0,1,0,1,0,1,1,1,0,0,1,1,0,0,0,0,1,0,1,1,1,0,0,0,0,1,1,1,0,1,0,0,0,1,0,0,1,1,1,1,1,0,1,0,1,0,1,0,1,1,0,0,1,0,1,0,-66.75
0,0,0,1,1,0,1,1,0,1,1,1,1,0,1,1,0,0,1,0,0,1,1,0,1,0,1,1,1,0,1,0,1,1,0,1,1,0,0,0,0,0,0,1,1,1,1,0,0,0,1,1,1,1,1,0,0,1,0,0,0,1,0,1,0,1,1,0,1,0,0,1,0,1,1,1,0,0,1,0,1,-61.5
1,1,1,1,0,1,0,1,0,0,1,1,1,0,1,1,0,0,1,1,0,1,0,0,1,1,0,1,1,0,1,0,1,1,0,0,1,1,0,1,1,1,1,1,0,1,0,0,0,0,0,1,1,1,0,0,1,1,1,0,0,1,0,0,1,1,0,0,0,0,0,1,0,1,1,0,1,0,0,0,0,-60.0
0,1,0,1,1,0,0,1,0,1,0,1,1,0,0,1,1,0,1,1,0,0,1,0,0,1,0,0,0,0,1,0,1,1,0,0,1,1,0,1,1,0,1,1,1,0,1,0,0,0,1,1,1,0,1,0,1,0,0,0,0,0,1,0,1,1,0,0,0,0,0,0,0,0,1,1,0,1,0,0,1,-59.5
1,1,1,1,0,1,0,1,0,0,1,1,1,0,1,1,0,1,1,1,0,1,0,0,1,0,1,1,0,0,1,0,1,1,0,1,1,0,0,0,0,1,1,0,0,0,0,0,1,1,1,1,1,1,0,0,0,1,0,1,0,1,1,1,1,1,1,0,0,1,0,1,1,1,1,1,0,1,1,0,1,-63.5
1,1,0,1,0,0,1,1,0,1,0,1,1,0,1,1,0,0,1,1,0,1,0,0,0,0,0,0,0,0,1,0,1,1,0,0,1,0,0,0,1,1,1,0,1,0,0,0,1,1,1,1,1,0,1,0,0,1,0,1,0,1,1,1,0,1,0,1,0,0,0,0,1,0,1,1,1,0,1,0,0,-66.25
0,1,1,1,0,1,1,0,0,0,1,1,1,0,0,1,1,1,1,1,0,1,0,0,0,1,0,1,0,0,1,1,1,0,0,0,1,1,0,0,1,1,1,0,1,1,1,0,0,0,1,1,1,0,1,0,1,1,0,1,0,1,0,1,1,1,0,1,1,1,0,1,1,1,1,0,0,1,0,1,0,-52.0
1,0,0,1,0,0,1,0,0,0,1,1,1,0,0,1,0,0,1,1,0,1,0,0,0,0,1,1,1,0,1,1,0,0,0,1,0,0,0,0,0,1,1,1,0,1,0,0,0,1,0,1,1,0,0,0,0,0,0,0,0,1,0,0,1,1,0,1,0,1,0,0,0,0,1,1,0,1,0,0,1,-75.75
0,0,0,1,0,0,1,0,0,1,0,1,1,0,1,1,0,0,1,0,0,1,1,0,1,0,1,0,1,0,1,1,0,1,0,1,0,0,0,0,0,0,1,0,1,1,0,0,0,0,0,1,1,0,0,0,0,1,1,0,0,1,1,1,1,1,0,1,0,0,1,0,1,0,1,1,1,1,1,0,1,-64.75
0,1,0,1,0,0,1,1,0,1,1,1,1,0,0,1,1,0,1,0,1,0,1,0,1,0,1,0,1,0,1,0,1,0,0,1,1,1,0,1,1,1,1,1,1,0,1,0,1,1,1,1,0,0,0,0,1,1,0,0,0,1,0,1,1,1,0,0,0,0,0,0,1,0,1,1,1,0,1,0,1,-51.5
1,0,1,1,1,1,0,1,0,0,1,1,1,1,0,1,0,0,1,0,0,1,1,0,1,0,0,0,1,0,1,1,1,1,0,0,1,0,0,1,0,0,1,0,1,0,0,0,1,0,1,1,1,0,0,0,0,1,0,0,0,1,1,1,1,1,1,0,1,1,0,1,0,0,1,0,1,1,0,0,1,-77.75
0,0,0,1,1,0,0,0,1,0,1,1,1,0,0,1,0,0,1,0,0,0,0,0,1,0,1,1,1,0,0,1,0,0,0,1,0,0,0,0,0,1,1,1,1,0,0,0,0,1,1,1,1,1,1,0,0,1,0,0,0,1,0,1,1,1,0,1,0,1,1,0,0,0,1,0,1,0,0,0,1,-66.25
0,0,0,1,0,1,0,1,0,1,0,1,1,1,0,0,0,0,1,1,0,1,1,0,0,0,1,1,1,0,1,1,1,1,0,0,0,0,0,1,0,1,1,0,1,1,0,0,1,0,1,1,1,1,1,0,0,1,1,0,0,0,0,1,1,1,1,1,1,1,0,1,0,0,1,1,1,0,0,0,0,-56.25
1,1,1,1,0,1,1,0,1,0,0,1,1,0,0,1,1,0,1,0,0,1,0,0,1,1,1,0,1,0,1,0,1,1,0,1,1,1,0,0,1,0,1,0,1,0,1,0,1,0,0,1,1,1,0,0,1,1,1,0,0,1,0,1,1,1,0,1,0,0,0,0,0,0,1,1,0,1,1,0,0,-69.5
0,0,1,1,1,1,0,1,0,1,0,1,1,0,0,1,0,0,1,0,0,1,1,0,0,0,0,1,1,0,1,0,1,1,0,0,0,0,0,0,0,0,1,1,1,1,0,0,0,0,1,1,0,0,1,0,0,1,0,0,0,1,1,0,1,1,1,0,0,1,0,1,1,1,1,0,0,1,1,0,1,-68.5
0,1,1,1,0,0,0,0,0,0,0,1,1,0,0,1,0,0,1,0,0,1,0,0,1,0,0,0,1,0,1,0,1,0,0,1,1,0,0,1,1,1,1,1,1,0,0,0,0,0,1,1,1,0,0,1,0,1,0,0,0,0,0,1,1,1,1,1,1,1,1,0,0,1,1,1,0,0,0,0,1,-70.25
1,1,1,1,1,1,0,1,0,0,0,1,1,0,0,1,0,1,1,0,0,1,0,0,0,1,1,0,0,0,1,0,1,1,0,0,1,1,0,0,1,0,1,0,1,1,1,0,1,0,1,1,1,1,0,0,1,0,0,0,0,1,1,1,0,1,0,1,1,1,0,1,1,0,1,0,0,1,0,0,1,-63.5
1,1,0,1,1,0,0,1,0,1,0,1,1,0,0,1,0,0,1,0,0,1,0,0,0,0,0,0,0,0,1,0,1,1,0,0,1,0,0,0,1,0,1,0,1,0,1,0,1,0,1,1,1,1,0,1,0,0,0,0,0,1,0,1,1,1,1,0,1,1,0,0,0,0,1,0,0,0,0,0,0,-78.75
0,0,0,1,0,1,1,1,0,1,0,1,1,0,0,1,1,0,1,1,0,0,0,0,1,1,0,1,1,0,0,0,0,0,0,1,0,0,0,0,0,0,1,1,1,1,0,0,0,0,1,1,1,1,0,1,0,0,0,0,0,1,0,1,1,1,1,1,1,0,0,0,1,0,1,1,0,0,0,0,1,-64.5
1,0,0,0,1,0,1,0,0,1,0,1,1,0,0,1,1,1,1,0,0,0,1,0,1,0,0,1,0,0,1,1,1,1,0,0,1,0,0,1,0,1,1,1,1,0,0,0,0,0,0,1,1,1,0,1,0,0,1,1,0,1,1,1,0,1,1,0,1,1,0,0,0,0,1,1,0,1,0,0,1,-57.25
1,1,0,1,0,0,1,0,1,1,1,1,1,0,0,1,1,1,1,1,0,1,1,0,0,0,1,0,1,0,0,0,1,1,0,1,0,0,0,0,1,0,1,1,0,1,1,0,1,0,1,1,1,1,0,1,0,0,0,0,0,1,0,0,1,1,0,1,0,0,0,0,0,0,1,1,1,0,1,0,1,-84.5
1,0,1,1,0,0,0,0,0,1,0,1,1,0,0,1,1,0,1,0,0,1,0,0,1,1,0,1,1,0,1,0,0,1,0,0,1,0,0,0,0,0,1,0,0,1,1,0,1,0,1,1,1,0,0,0,0,0,0,0,0,1,1,0,1,1,0,0,0,0,0,0,0,0,1,1,1,1,1,0,0,-65.25
1,1,0,1,0,1,1,1,1,0,1,1,1,0,0,1,1,1,1,1,0,1,0,0,0,0,0,0,1,0,1,0,1,0,0,1,0,0,0,0,1,0,1,1,1,1,0,0,1,0,1,1,1,0,1,0,0,1,0,0,0,1,0,0,0,1,0,0,0,1,0,1,1,0,1,0,1,0,0,0,1,-59.75
1,1,1,1,0,1,0,1,1,1,1,1,1,0,0,0,0,1,1,1,0,1,1,0,0,0,0,0,0,0,0,1,1,1,0,0,0,0,0,1,1,1,1,0,0,0,1,0,1,0,1,1,1,0,1,1,0,0,0,0,0,1,0,1,0,1,0,1,0,1,0,0,1,1,1,1,0,1,0,0,0,-58.75
0,0,0,1,0,1,1,1,1,1,0,1,1,0,0,1,0,1,1,0,0,1,1,0,0,0,1,0,1,1,0,0,0,1,0,0,0,0,0,0,1,1,0,0,1,1,0,0,1,0,1,1,1,1,0,1,0,1,0,0,0,1,0,1,1,1,1,0,0,0,1,0,0,1,1,1,1,0,1,0,1,-60.25
1,1,0,1,1,0,0,0,1,0,0,1,1,0,0,1,1,0,1,0,0,1,0,0,0,0,1,0,0,0,0,0,1,1,0,1,0,0,0,1,1,0,1,0,0,0,1,0,1,0,1,1,1,1,1,1,0,0,0,0,0,1,0,0,0,1,0,0,0,0,0,1,0,1,1,0,1,1,1,0,0,-52.25
0,1,1,1,1,1,0,0,0,1,1,1,1,0,0,1,1,0,1,1,0,1,1,0,0,0,1,0,1,0,0,0,1,0,0,1,1,1,0,0,1,0,1,0,0,0,1,0,1,0,0,1,1,1,1,0,0,0,1,0,0,1,0,0,1,0,0,1,0,0,0,0,1,0,1,0,1,1,0,0,0,-60.75
0,0,1,1,1,0,1,0,0,0,0,1,1,0,0,1,1,0,1,1,0,1,1,0,1,0,1,1,1,0,1,1,1,1,0,1,1,1,0,0,1,0,1,0,0,0,1,0,1,0,1,1,1,0,0,1,0,1,0,0,0,0,0,1,0,1,0,0,0,1,0,0,0,0,1,0,0,1,0,0,1,-59.75
0,1,1,1,0,0,0,0,0,1,0,1,1,0,0,1,0,1,1,0,0,1,1,0,0,1,1,1,1,0,1,0,1,1,0,0,0,0,0,0,1,1,1,0,1,0,1,0,1,1,1,1,1,0,0,0,0,0,0,0,0,1,0,1,1,1,0,0,0,1,0,0,0,0,1,0,0,0,1,0,0,-70.75
0,1,1,0,1,0,1,1,0,1,0,1,1,0,0,1,1,1,1,0,0,1,1,0,1,0,0,1,1,1,1,0,0,1,0,0,1,1,0,0,1,0,1,0,1,0,0,0,1,1,1,1,1,0,0,0,0,0,0,0,0,1,1,0,1,1,0,0,1,0,1,0,0,0,1,0,0,0,0,0,0,-51.75
0,1,0,1,0,0,1,0,0,1,0,1,1,0,0,1,0,1,1,0,0,1,1,0,1,0,0,1,1,0,1,0,1,1,0,1,0,0,0,0,0,1,1,0,1,0,1,0,1,0,1,1,1,0,1,0,1,0,0,0,0,1,1,0,1,1,0,0,0,1,0,0,0,0,1,1,1,0,1,0,1,-75.75
0,0,1,0,1,0,0,0,0,1,1,1,1,0,0,1,0,0,1,1,0,1,1,0,1,0,0,1,1,0,1,0,0,1,0,1,1,0,0,0,0,1,1,0,1,0,0,0,0,0,1,1,1,0,0,0,0,1,1,0,0,1,0,0,1,1,0,1,0,1,0,1,1,1,1,1,1,0,0,0,1,-65.25
0,1,0,1,1,0,1,0,0,0,1,1,1,0,0,1,0,1,1,1,0,1,1,0,0,0,0,0,1,0,1,0,1,1,0,1,1,0,0,0,1,1,1,1,1,0,1,0,0,0,1,1,1,1,0,0,0,0,1,0,0,1,0,1,1,1,1,0,0,0,0,0,0,0,1,1,1,1,0,0,1,-79.0
1,1,0,1,1,1,1,1,0,0,0,1,1,0,0,1,0,1,1,0,0,1,1,0,1,0,1,1,1,0,1,0,1,1,0,1,1,0,0,0,0,0,1,1,1,1,0,0,1,0,1,1,0,0,0,1,0,0,0,0,0,0,0,1,1,1,1,0,0,1,0,1,0,0,1,1,1,0,0,0,1,-72.0
1,0,0,1,0,1,0,1,0,0,1,1,1,0,0,1,0,0,1,0,0,1,1,0,1,0,1,0,1,0,0,0,1,1,0,0,1,0,0,1,0,0,1,1,0,1,0,0,1,0,1,1,1,0,0,0,0,1,0,0,0,1,0,1,1,1,0,1,0,1,0,1,0,1,1,1,0,0,1,0,1,-69.25
0,0,0,1,0,0,1,0,0,0,0,1,1,0,1,1,0,0,1,0,0,1,1,0,1,0,0,0,1,0,1,0,0,1,0,0,1,1,0,0,1,1,1,0,0,0,1,0,1,0,1,1,1,0,1,0,0,0,1,0,0,1,0,1,1,1,0,0,0,1,0,0,0,1,1,0,0,1,0,0,0,-70.5
0,1,0,1,1,1,0,0,0,1,1,1,1,0,0,1,1,0,1,0,0,0,1,0,1,1,1,0,1,0,1,0,0,0,0,0,1,1,0,0,0,0,1,1,1,0,1,0,1,0,1,1,1,1,1,0,1,1,0,0,0,1,0,1,1,0,0,0,0,0,1,1,1,0,1,1,0,0,0,0,0,-70.25
1,0,1,1,0,0,0,1,0,1,1,1,1,0,0,1,1,0,1,0,0,1,1,0,1,0,0,1,1,0,1,0,1,1,0,1,0,1,0,0,1,1,1,1,1,0,1,0,0,0,1,1,1,0,0,0,1,1,1,0,0,1,1,0,1,1,0,0,0,0,0,1,1,0,1,1,0,0,1,0,0,-90.0
1,0,1,1,1,0,0,0,0,0,0,1,1,0,1,1,0,0,1,0,0,1,1,0,1,0,1,0,1,0,1,0,1,1,0,1,1,0,0,1,0,1,1,1,0,0,1,0,0,0,1,1,1,0,0,0,0,1,1,0,0,1,0,0,1,1,0,1,0,0,0,0,1,0,1,0,1,0,0,0,0,-74.75
0,1,0,1,1,0,1,0,0,0,0,1,1,0,0,1,0,0,1,0,0,1,1,0,1,0,0,1,1,0,1,0,1,1,0,1,1,1,0,1,0,0,1,1,1,0,1,0,0,0,1,1,1,0,0,1,0,0,1,0,0,1,0,0,1,1,1,0,0,0,0,1,1,0,1,1,0,0,1,0,1,-72.0
1,0,0,1,0,0,0,1,0,1,0,1,1,0,0,1,0,0,1,1,0,1,1,0,1,0,0,1,1,0,1,0,1,1,1,1,0,0,0,0,0,1,1,1,1,0,1,0,0,0,1,1,1,0,0,1,0,0,1,0,0,1,1,1,1,1,0,1,0,0,0,0,0,0,1,0,0,1,0,0,1,-60.5
1,0,0,1,0,0,0,0,0,1,0,1,1,0,1,1,0,0,1,0,0,1,1,0,1,0,0,1,1,0,1,0,1,1,0,1,1,1,0,0,1,1,1,1,1,0,1,0,0,0,1,1,1,0,0,0,1,1,1,0,0,1,0,1,1,1,0,1,0,0,0,0,0,0,1,1,1,1,1,0,0,-75.25
1,1,1,1,1,1,1,1,0,1,0,1,1,0,0,1,0,0,1,0,0,1,0,0,1,0,1,0,0,0,1,0,1,1,0,0,0,0,0,0,0,1,1,1,0,0,1,0,0,0,1,1,1,0,0,1,0,0,0,0,0,1,1,0,1,1,0,0,0,0,0,0,0,1,1,1,1,0,1,0,1,-74.75
1,0,1,1,0,0,1,0,0,1,0,1,1,0,0,1,0,0,1,1,0,1,0,0,1,0,1,1,1,0,1,0,1,1,0,1,0,0,0,1,1,0,1,1,0,0,1,0,0,0,1,1,1,0,0,1,0,0,1,0,0,1,0,0,1,1,1,1,0,1,0,0,0,0,1,1,0,0,1,0,1,-67.75
1,1,1,1,0,0,1,1,0,0,0,1,1,0,0,1,0,1,1,1,0,1,0,0,1,0,1,0,1,0,1,0,1,1,0,1,1,0,0,0,0,1,1,1,0,1,1,0,1,1,1,1,1,1,0,1,0,1,1,0,0,1,1,1,1,1,0,0,1,1,0,0,0,0,1,1,1,1,0,0,1,-65.5
1,0,0,1,1,0,1,0,0,1,0,1,1,0,1,1,1,0,1,0,0,1,1,0,0,0,0,0,1,0,1,0,0,1,0,1,1,1,0,1,1,1,1,1,0,1,1,0,1,0,1,1,1,1,1,1,1,1,1,0,0,1,1,1,1,1,1,1,0,0,0,0,1,0,1,0,1,1,1,0,0,-69.75
0,0,0,1,1,0,0,1,0,0,1,1,1,0,0,1,1,1,1,0,0,1,1,0,0,0,1,0,1,0,1,0,1,1,0,1,0,1,0,0,1,0,0,0,1,0,1,0,0,0,1,1,1,0,0,0,0,1,1,0,0,1,0,0,1,1,0,0,0,0,1,1,0,0,1,1,0,0,0,0,0,-58.25
1,0,1,1,0,0,1,0,0,0,0,1,1,0,1,1,1,0,1,0,0,1,1,0,0,0,0,1,0,0,1,0,1,1,0,1,1,0,0,1,0,1,1,1,0,0,0,0,0,0,1,1,1,1,0,0,1,0,0,0,0,1,0,1,1,1,1,1,0,0,0,0,0,1,1,1,0,0,1,0,0,-58.0
0,0,0,1,1,1,1,1,0,1,1,1,1,0,0,1,1,0,1,1,0,1,1,0,1,0,1,0,1,0,0,0,1,1,0,1,0,0,0,0,1,1,1,1,1,0,0,0,0,1,1,1,0,0,1,0,0,0,0,1,0,1,0,0,1,1,0,0,0,0,0,0,1,0,1,0,1,1,0,0,1,-69.25
0,1,1,1,1,0,0,0,0,0,1,1,1,0,0,1,1,0,1,0,0,1,1,0,1,0,0,1,1,0,1,0,1,1,0,0,0,1,0,0,1,0,1,0,0,1,1,0,1,1,1,1,1,0,1,0,1,1,0,0,0,1,0,0,1,1,0,0,0,1,0,1,0,1,1,1,0,1,0,0,0,-63.5
1,0,0,1,1,0,1,0,0,1,1,1,1,0,1,1,0,0,1,0,0,1,1,0,0,0,1,0,1,0,1,0,1,0,0,1,1,0,0,0,0,1,1,0,1,0,1,0,0,0,1,1,1,0,1,0,0,0,0,0,0,1,0,1,1,1,0,0,0,0,0,1,0,0,1,1,1,0,0,0,1,-69.5
1,0,0,1,0,0,0,0,0,0,0,1,1,0,0,1,0,0,1,1,0,1,0,0,1,0,0,1,1,0,1,0,1,1,0,0,0,0,0,0,1,1,1,1,1,0,1,0,0,0,1,1,1,1,0,1,0,1,1,0,0,1,1,1,1,1,1,1,0,0,0,1,1,0,1,1,0,1,1,0,0,-69.0
1,1,1,1,0,1,1,0,0,0,1,1,1,0,1,1,1,1,1,1,0,1,1,0,1,1,1,1,1,0,1,0,1,1,0,1,0,0,0,1,0,1,0,1,0,1,1,0,1,1,1,1,1,0,1,1,0,1,1,1,0,1,0,1,1,1,0,1,0,1,0,0,0,0,1,0,1,1,0,0,1,-60.0
0,0,0,1,0,0,0,0,0,0,0,1,1,0,0,1,1,1,1,1,0,1,1,0,1,0,1,1,1,0,1,0,1,1,0,1,0,1,0,0,1,1,1,0,0,0,1,0,1,1,1,1,1,1,0,1,1,0,0,0,0,1,1,1,1,1,0,1,0,1,0,1,1,0,1,1,0,1,1,0,1,-65.75
1,1,0,1,0,0,0,0,0,0,1,1,1,0,1,1,0,0,1,0,0,1,0,0,1,0,0,1,1,0,1,0,1,1,0,1,1,0,0,0,0,0,1,1,1,0,0,0,0,0,1,1,1,1,0,0,0,1,0,0,0,1,0,1,1,1,0,1,0,1,0,0,1,0,1,0,0,1,0,0,0,-78.25
1,0,0,1,1,0,0,1,0,1,1,1,1,0,1,1,0,0,1,0,0,1,1,0,0,0,0,1,1,0,1,1,1,1,0,0,0,0,0,0,1,1,1,0,1,0,1,0,1,0,1,1,1,0,0,0,0,1,1,0,0,1,1,0,1,1,1,1,0,1,0,0,0,0,1,1,0,0,0,0,0,-77.5
1,0,1,1,1,0,1,0,0,0,1,1,1,0,0,1,0,0,1,1,0,1,1,0,1,0,1,1,1,0,1,0,1,1,0,1,1,0,0,1,0,1,1,1,1,1,1,0,1,0,0,1,1,0,0,0,0,1,1,0,0,1,0,0,1,1,0,1,0,0,0,1,1,0,1,0,0,0,0,0,1,-68.25
1,0,0,0,0,0,1,1,0,0,1,1,1,0,0,1,1,0,1,1,0,1,1,0,1,0,0,0,1,0,0,1,0,0,0,1,0,1,0,0,0,0,1,1,0,1,1,0,0,0,0,1,1,0,1,0,1,0,0,0,0,1,1,0,1,1,0,0,0,0,0,1,0,1,1,0,0,1,1,0,0,-63.75
1,1,1,1,1,1,1,1,0,1,1,1,1,0,1,0,1,0,1,1,0,1,0,1,0,0,1,1,1,0,1,0,1,1,0,1,1,1,0,0,0,1,1,0,1,0,1,0,1,0,1,1,1,0,1,1,1,0,1,0,0,1,0,1,1,1,0,0,1,0,1,1,1,0,1,0,1,1,0,0,0,-68.25
1,0,1,1,0,1,1,0,0,0,1,1,1,0,0,1,0,0,1,1,0,1,1,0,1,0,1,1,1,0,1,1,1,1,0,0,1,0,0,0,0,0,1,1,0,0,1,0,0,0,0,1,1,0,0,0,0,0,1,0,0,1,0,0,1,1,0,0,1,1,1,0,0,0,1,1,1,1,0,0,1,-60.0
0,1,1,1,0,0,1,0,0,1,0,1,1,0,0,1,1,1,1,1,0,1,1,0,0,0,0,0,1,0,1,1,1,0,0,1,1,1,0,1,1,0,1,0,1,1,1,0,1,0,1,1,1,0,1,0,1,1,0,0,0,1,1,0,0,1,0,0,0,0,1,0,1,0,1,1,0,1,1,0,0,-44.0
1,1,0,1,0,0,0,0,0,0,1,1,1,0,0,1,0,0,1,1,0,0,1,0,0,0,0,0,1,0,1,0,1,1,0,0,1,0,0,0,1,0,1,0,1,0,0,0,1,0,1,1,1,0,0,1,0,0,1,0,0,1,0,1,1,1,0,1,0,0,0,1,1,0,1,1,0,0,1,0,0,-73.5
1,1,0,1,1,0,0,1,0,1,0,1,1,0,1,1,0,0,1,0,0,1,0,0,0,0,0,0,1,0,0,0,0,1,0,0,0,1,0,0,0,1,1,0,1,0,1,0,1,1,1,1,1,0,0,0,1,1,1,0,0,1,0,1,1,1,1,1,0,0,0,0,1,0,1,1,0,0,1,0,1,-72.5
1,1,0,1,0,0,0,0,0,0,1,1,1,0,0,1,0,0,1,0,0,1,0,0,1,0,1,0,1,0,1,0,0,1,0,1,0,1,0,1,1,1,1,1,1,0,0,0,0,1,1,1,1,0,0,0,1,0,0,0,0,1,0,0,1,0,0,1,0,0,0,0,1,0,1,0,0,0,1,0,0,-70.0
1,1,1,1,1,0,0,0,0,0,0,1,1,0,0,1,0,0,1,0,0,1,1,0,0,0,1,1,1,0,1,0,1,1,0,1,0,1,0,0,0,1,1,0,1,0,1,0,1,1,1,1,1,0,0,0,1,1,0,0,0,1,0,1,1,1,1,1,0,0,0,0,1,0,1,0,0,0,1,0,0,-91.25
1,1,1,1,0,0,0,1,0,1,0,1,1,0,0,1,0,0,1,0,0,1,1,0,1,0,0,1,1,0,0,0,1,1,0,1,1,1,0,0,0,1,1,0,1,0,1,0,0,1,1,1,1,0,0,0,1,0,0,0,0,1,0,0,1,1,1,1,0,1,0,0,0,0,1,0,0,1,0,0,0,-75.75
1,0,0,0,0,0,0,0,0,0,1,1,1,0,0,1,0,0,1,0,0,1,1,0,0,0,0,1,1,0,0,0,1,0,0,1,1,1,0,0,1,1,1,1,0,1,0,0,0,0,1,1,1,0,0,0,1,0,0,0,0,1,0,1,1,1,0,1,0,0,0,0,1,0,1,1,0,0,0,0,1,-64.5
1,1,1,1,1,1,0,0,0,1,0,1,1,0,0,1,1,0,1,1,0,1,0,0,1,0,0,1,1,0,1,0,1,1,0,1,1,1,0,0,1,1,1,1,0,0,1,0,0,0,1,1,0,1,1,0,1,1,1,0,0,1,0,1,1,1,0,1,0,0,0,0,0,0,1,0,0,0,1,0,0,-61.0
0,0,0,1,0,1,1,1,0,0,0,1,1,0,0,1,0,0,1,0,0,0,1,0,1,0,0,1,1,0,1,0,1,0,0,0,0,0,0,1,1,1,1,0,1,0,1,0,1,1,1,1,1,0,0,1,1,0,1,0,0,1,0,1,1,1,1,1,0,0,0,0,0,1,1,1,1,0,0,0,0,-80.25
0,1,0,1,0,0,0,1,0,1,1,1,1,0,0,1,0,0,1,0,0,1,1,0,0,0,0,1,1,0,1,0,1,1,0,1,0,0,0,1,0,0,1,0,1,0,1,0,0,1,1,1,1,1,0,1,1,0,0,0,0,1,0,0,1,1,0,1,0,1,0,0,0,0,1,1,0,1,0,0,0,-71.5
1,0,0,1,0,0,0,0,0,1,1,1,1,0,0,1,0,0,1,1,0,1,1,0,0,0,0,0,1,0,1,1,0,1,0,1,0,0,0,1,0,1,1,1,1,0,0,0,1,0,1,1,1,1,1,1,0,0,0,0,0,1,0,0,1,1,1,1,0,0,0,1,0,0,1,1,1,1,0,0,0,-62.75
0,1,0,0,0,1,1,1,0,1,0,1,1,0,0,1,0,0,1,1,0,1,0,0,0,0,1,0,1,0,1,0,1,1,0,1,0,0,0,0,1,1,1,0,1,0,0,0,1,1,1,1,1,1,0,0,0,1,1,0,0,1,0,0,1,1,0,1,0,0,0,0,1,0,1,1,0,1,1,0,1,-77.0
1,1,0,0,0,0,1,0,0,1,0,1,1,0,0,1,0,0,1,0,0,1,0,0,0,0,1,1,1,0,1,0,1,1,0,1,1,0,0,0,1,0,1,0,1,0,1,0,1,0,1,1,1,0,0,0,1,0,0,1,0,1,0,1,1,0,0,1,0,0,0,0,0,0,1,1,0,0,0,0,0,-65.75
0,1,0,1,1,1,1,0,0,0,0,1,1,0,0,1,0,0,1,1,0,1,0,0,0,0,0,0,1,0,1,0,1,1,0,1,1,0,0,1,1,1,1,1,1,0,0,0,0,1,1,1,1,1,0,0,0,1,1,0,0,1,0,1,1,1,0,0,0,0,0,0,0,0,1,0,0,0,1,0,0,-78.5
1,0,0,1,0,1,1,0,0,0,1,1,1,0,0,1,0,0,1,0,0,1,1,0,1,0,0,0,1,0,1,0,1,1,0,1,0,1,0,0,0,1,1,0,1,0,1,0,0,1,1,1,1,0,0,1,1,0,1,0,0,1,1,1,1,1,0,1,0,0,0,0,1,0,1,1,1,0,1,0,1,-74.5
1,0,0,1,1,1,1,0,0,0,0,1,1,0,0,1,0,0,1,0,0,1,0,0,0,0,0,1,1,0,1,0,1,1,0,0,1,1,0,0,0,0,1,1,1,0,1,0,0,1,1,1,1,1,0,1,1,0,1,0,0,1,0,0,1,1,1,1,0,0,0,1,1,0,1,1,0,0,1,0,0,-75.25
0,1,1,0,0,0,1,1,0,0,0,1,1,0,1,1,1,0,1,0,0,0,1,0,0,0,1,1,0,0,0,0,1,1,0,1,1,1,0,0,0,0,1,1,0,0,1,0,0,0,1,1,1,0,0,1,1,0,1,0,0,1,0,1,1,1,0,1,1,0,0,0,1,1,1,1,0,0,1,0,0,-47.5
1,0,1,1,1,1,0,1,0,0,0,1,1,0,0,0,0,0,1,0,0,1,1,0,1,0,1,1,1,0,1,0,1,1,0,1,0,1,0,0,0,1,1,0,1,0,1,0,1,1,1,1,1,1,0,0,1,0,0,0,0,1,1,1,1,1,1,0,0,0,0,0,1,0,1,0,0,1,1,0,1,-83.0
1,0,1,1,0,1,1,0,0,1,0,1,1,0,0,0,0,0,1,0,0,1,1,0,1,0,0,1,1,0,1,0,1,1,0,1,0,0,0,0,1,1,1,0,1,0,1,0,1,0,1,1,1,0,0,0,1,0,1,0,0,1,1,0,1,1,0,1,0,1,0,0,1,0,1,0,0,1,0,0,0,-64.0
0,1,0,1,0,0,1,0,0,1,1,1,1,0,0,1,0,0,1,0,0,1,1,0,1,0,0,1,1,0,1,1,1,1,0,0,1,0,0,0,0,1,1,0,1,0,1,0,0,0,1,1,1,1,0,0,1,0,1,0,0,1,0,1,1,1,0,0,0,0,0,0,0,0,1,0,0,1,0,0,0,-71.75
0,0,0,1,0,0,1,0,0,0,0,1,1,0,0,1,0,0,1,0,0,1,1,0,1,0,0,0,1,0,1,0,1,1,0,0,0,0,0,0,0,1,1,0,1,0,0,0,1,1,1,1,1,1,0,0,0,1,0,0,0,1,0,0,1,1,1,1,0,0,0,0,1,0,1,1,1,1,0,0,1,-67.0
0,1,0,1,0,0,1,0,0,0,1,1,1,0,0,0,0,0,1,0,0,1,0,0,0,0,0,1,1,0,1,0,1,0,0,1,1,1,0,0,0,1,1,1,1,0,0,0,1,0,1,1,1,0,0,0,1,1,1,0,0,1,0,1,1,1,1,1,0,0,0,0,1,0,1,0,0,0,0,0,0,-79.0
0,0,0,1,1,1,0,1,0,0,0,1,1,0,1,1,0,0,1,0,0,1,0,0,0,0,0,1,1,0,1,0,1,1,0,0,0,1,0,0,0,1,1,1,1,0,1,0,0,0,1,1,1,1,0,0,1,1,1,0,0,1,0,0,1,1,0,1,0,1,0,0,1,0,1,0,0,1,1,0,1,-73.0
1,1,1,1,1,1,0,1,0,0,0,1,1,0,0,1,1,0,1,0,0,1,1,0,1,0,0,1,1,0,1,0,1,0,0,1,0,1,0,0,0,1,1,1,1,0,1,0,1,0,1,1,1,0,0,0,1,1,0,0,0,1,1,1,1,1,0,0,0,0,0,0,0,0,1,0,0,0,1,0,0,-79.0
0,1,0,1,1,1,0,1,0,1,0,1,1,0,0,1,1,0,1,0,0,0,1,0,0,0,0,1,1,0,1,0,1,1,0,1,1,1,0,0,0,1,1,0,1,1,1,0,1,1,1,1,1,0,0,0,1,0,1,0,0,1,0,1,1,1,0,1,0,1,0,0,0,1,1,0,0,0,0,0,0,-59.75
0,0,1,1,1,0,1,1,0,0,0,1,1,0,0,1,0,0,1,0,0,0,0,0,1,0,1,0,1,0,1,0,0,1,0,0,1,1,0,0,1,1,1,1,1,0,1,0,0,0,1,1,1,1,0,1,1,1,0,0,0,1,0,1,1,1,1,1,0,1,0,1,0,1,1,0,1,0,1,0,0,-66.0
0,0,0,1,0,1,1,1,0,1,0,1,1,0,0,0,0,0,1,0,0,1,0,0,1,0,1,1,1,0,1,1,0,1,0,1,1,1,0,0,0,1,1,0,1,0,1,0,0,1,1,1,1,0,0,0,1,1,0,0,0,1,1,0,1,1,0,1,0,1,0,1,0,0,1,0,0,1,1,0,0,-76.0
0,0,1,0,0,0,0,0,0,0,0,1,1,0,1,1,1,0,1,0,0,1,1,0,1,1,0,1,1,0,1,0,1,1,0,1,0,1,0,0,0,1,1,0,1,0,1,0,1,1,1,1,1,1,1,0,1,1,0,0,0,1,1,0,1,1,1,1,0,1,0,0,1,0,1,0,1,0,1,0,0,-62.0
1,0,0,1,0,0,0,1,0,0,0,1,1,0,0,1,1,0,1,0,0,1,0,0,1,0,1,1,1,0,1,1,1,1,0,1,0,1,0,0,1,0,1,0,0,0,1,0,1,1,1,1,1,0,0,0,1,1,1,0,0,1,1,1,1,1,0,1,0,0,0,1,1,0,1,0,1,0,1,0,0,-71.75
1,1,0,1,1,1,1,0,0,1,1,1,1,0,0,1,0,1,1,1,0,1,0,0,0,0,1,1,1,0,1,1,0,0,0,0,0,0,0,0,0,0,1,0,1,1,1,0,0,1,1,1,1,0,0,1,0,0,0,0,0,1,0,1,1,1,0,0,0,0,0,1,0,0,1,0,0,0,0,0,0,-72.25
1,1,1,1,1,0,0,0,0,1,1,1,1,0,0,1,0,0,1,0,0,1,0,0,0,0,1,0,1,0,1,1,1,0,0,1,0,1,0,1,0,1,1,1,1,0,1,0,1,1,1,1,1,0,0,0,0,0,1,0,0,1,1,1,1,1,1,0,0,0,0,1,1,0,1,0,0,1,1,0,1,-70.0
1,1,1,1,1,1,0,0,0,0,1,1,1,0,0,1,0,0,1,0,0,1,1,0,0,0,0,1,1,0,1,0,1,1,0,0,1,1,0,1,0,1,1,0,1,0,0,0,1,0,1,1,1,0,0,0,1,1,1,1,0,1,1,0,1,1,1,1,0,0,0,0,1,1,1,0,1,1,0,0,0,-79.5
0,1,0,1,0,1,0,1,0,1,1,1,1,0,1,1,1,0,1,1,0,1,0,0,1,0,0,1,1,0,1,1,0,1,0,1,1,1,0,0,0,1,1,1,1,0,0,0,0,0,1,1,1,1,0,0,0,0,1,0,0,1,0,0,1,1,0,0,0,1,0,0,1,0,1,0,1,0,1,0,0,-61.5
1,1,1,1,0,0,1,1,0,0,0,1,1,0,0,1,0,0,1,0,0,1,0,0,1,0,1,1,1,0,1,0,1,1,0,1,1,1,0,1,1,0,1,0,1,0,1,0,0,1,1,1,1,1,0,1,1,1,0,1,0,1,0,1,1,1,0,1,0,0,0,1,1,0,1,0,0,1,1,0,1,-76.0
0,1,1,1,1,0,1,0,0,1,0,1,1,0,0,1,0,0,1,0,0,1,1,0,1,0,0,1,1,0,0,0,1,1,0,1,1,1,0,0,1,1,0,1,1,0,1,0,1,1,1,1,1,1,0,1,1,0,0,0,0,1,0,0,1,1,0,1,0,0,0,1,1,0,1,1,1,1,1,0,0,-65.0
0,1,0,1,1,1,1,0,0,1,0,1,1,0,0,1,0,0,1,0,0,1,1,0,1,0,0,0,1,0,1,0,1,1,0,1,0,1,0,1,0,1,1,1,1,0,1,0,1,0,1,1,1,0,0,0,1,0,1,0,0,1,1,1,1,1,1,0,0,0,0,1,1,0,1,1,1,1,1,0,1,-76.5
0,1,1,1,0,0,0,1,0,0,0,1,1,0,0,1,0,0,1,0,0,1,1,0,1,0,1,1,1,0,1,0,1,1,0,0,0,1,0,0,0,1,1,1,1,0,0,0,1,0,1,1,1,0,0,0,1,0,0,0,0,1,1,1,0,1,1,0,0,0,0,1,1,0,1,1,0,0,0,0,0,-71.5
1,1,1,1,1,1,0,0,0,1,0,1,1,0,0,1,0,0,1,0,0,1,1,0,0,0,0,0,1,0,1,1,0,1,0,1,1,1,0,0,0,1,1,1,1,0,1,0,0,0,1,1,1,0,0,1,1,1,0,0,0,1,0,1,1,1,1,0,0,0,0,0,1,0,1,0,0,0,0,0,0,-74.25
0,0,0,1,0,0,0,0,0,1,1,1,1,0,0,1,1,0,1,0,0,1,0,0,1,0,0,1,1,0,0,0,1,0,0,1,0,1,0,1,1,1,1,0,1,0,0,0,0,1,1,1,1,0,1,1,1,1,1,0,0,1,0,0,1,1,1,0,0,1,0,0,0,1,1,1,0,1,0,0,0,-71.5
0,1,0,1,1,1,1,1,0,1,1,1,1,0,0,1,0,0,1,0,0,1,0,0,1,0,1,1,1,0,1,0,1,1,0,1,0,0,0,1,1,1,1,0,1,0,0,0,0,0,1,1,1,1,0,0,1,1,0,0,0,1,1,1,1,1,1,1,0,0,0,0,0,0,1,1,0,0,1,0,0,-68.5
1,1,1,1,1,0,1,0,0,1,1,1,1,0,0,0,0,0,1,0,0,1,1,0,0,0,0,1,1,0,1,0,1,1,0,1,0,0,0,1,1,1,1,0,1,0,1,0,0,1,1,1,1,0,0,0,0,1,0,0,0,1,0,0,1,1,1,1,0,0,0,1,1,0,1,0,1,1,1,0,1,-79.25
1,1,0,1,0,0,1,1,0,1,0,1,1,0,0,1,0,0,1,1,0,1,1,0,0,0,0,1,1,0,1,0,1,1,0,1,0,0,0,0,0,0,1,1,1,1,0,0,0,0,1,1,1,1,0,0,0,0,0,0,0,1,0,1,1,1,1,0,0,0,0,1,1,0,1,1,1,1,1,0,0,-80.0
0,1,0,1,0,1,1,0,0,0,0,1,1,0,0,1,0,0,1,0,0,1,1,0,1,0,0,1,1,0,1,0,1,1,0,1,1,0,0,0,0,1,1,0,1,0,1,0,0,1,1,1,1,0,0,0,0,0,1,0,0,1,0,0,1,1,0,0,0,0,0,0,1,0,1,1,1,1,0,0,0,-67.0
1,1,0,1,0,1,1,1,0,0,1,1,1,0,0,1,0,0,1,0,0,1,1,0,1,0,0,0,1,0,1,0,1,1,0,1,1,1,0,0,0,1,1,1,1,0,0,0,0,0,1,1,1,0,0,0,0,1,1,0,0,1,0,1,1,1,1,1,0,0,0,1,0,0,1,0,1,0,1,0,1,-66.5
0,0,0,1,1,0,0,1,0,0,1,1,1,0,0,1,0,0,1,0,0,1,1,0,1,0,1,0,1,0,1,0,1,1,0,1,1,1,0,0,0,0,1,1,1,0,1,0,1,1,1,1,1,0,1,0,1,0,1,0,0,1,0,1,1,1,0,1,0,1,0,0,0,0,1,0,1,1,0,0,0,-81.0
1,1,0,1,1,0,0,1,0,0,0,1,1,0,0,1,0,0,1,0,0,1,0,0,1,0,0,1,1,0,1,0,1,0,0,1,0,1,0,0,0,1,1,0,1,0,0,0,0,1,1,1,1,0,0,1,1,1,0,1,0,1,1,1,1,1,0,1,0,0,0,0,0,0,1,0,0,1,0,0,0,-70.0
0,1,1,1,0,0,0,1,0,1,1,1,1,0,0,1,0,0,1,1,0,1,0,0,1,0,0,1,1,0,1,0,1,0,0,0,1,1,0,0,1,0,1,0,1,0,0,0,0,0,1,1,1,0,1,0,1,0,0,0,0,1,0,1,1,1,1,1,0,0,0,0,1,1,1,1,0,0,1,0,1,-60.25
1,1,0,1,0,1,1,1,0,1,1,1,1,0,0,1,0,0,1,0,0,1,1,0,0,0,1,1,1,0,0,1,1,0,0,0,0,1,0,0,1,0,1,1,1,0,0,0,1,1,1,1,1,0,0,1,1,1,1,0,0,1,0,1,1,1,0,1,0,0,0,1,1,0,1,1,1,0,0,0,1,-60.25
0,1,1,1,0,0,1,0,0,1,0,1,1,0,0,1,1,0,1,0,0,1,1,0,0,0,0,0,1,0,1,0,1,1,0,0,1,1,0,0,1,1,1,0,1,0,1,0,1,0,1,1,1,0,0,1,1,0,1,0,0,1,0,0,1,1,1,0,0,1,0,1,0,0,1,0,0,1,1,0,0,-70.5
1,0,0,1,0,0,0,1,0,0,1,1,1,0,0,1,0,0,1,0,0,1,1,0,0,0,1,1,1,0,1,0,1,1,0,1,0,1,0,0,0,1,1,0,1,0,1,0,1,1,0,1,1,0,1,0,1,1,1,0,0,1,0,1,1,1,1,1,0,0,0,0,0,1,1,1,0,0,1,0,0,-81.75
1,0,1,1,1,0,1,0,0,0,0,1,1,0,0,1,0,0,1,0,0,1,1,0,1,0,0,1,1,0,0,0,1,1,0,1,1,1,0,1,0,1,1,0,1,0,1,0,1,0,1,1,1,0,0,0,1,1,1,0,0,1,1,0,1,1,0,0,0,1,0,0,1,0,1,1,0,0,1,0,1,-79.25
1,1,1,1,1,0,1,1,0,1,0,1,1,0,0,1,0,0,1,0,0,1,1,0,0,0,1,1,1,0,1,0,1,1,0,0,1,1,0,1,0,0,1,1,1,0,1,0,0,0,1,1,1,1,0,0,1,1,0,0,0,1,0,0,0,1,1,0,0,0,0,1,1,0,1,0,1,1,1,0,1,-81.75
1,0,1,1,1,0,0,1,0,1,0,1,1,0,0,0,1,0,1,0,0,1,1,0,0,0,0,1,1,0,1,0,1,0,0,1,1,1,0,1,1,0,1,0,1,0,1,0,0,0,1,1,1,1,1,0,1,1,1,1,0,1,0,0,1,1,1,0,0,0,0,1,1,0,1,1,1,0,1,0,0,-68.0
1,1,1,1,0,0,1,0,0,1,1,1,1,0,0,1,0,1,1,0,0,1,0,0,1,0,1,0,1,0,1,0,1,1,0,1,1,1,0,0,0,0,1,0,1,0,1,0,1,0,1,1,1,1,0,0,1,1,0,0,0,1,0,1,1,1,1,0,0,1,0,0,1,0,1,0,0,0,1,0,1,-67.25
0,0,0,1,0,1,1,1,0,1,0,1,1,0,1,1,1,0,1,0,0,1,1,0,1,0,0,1,1,0,1,1,1,1,0,0,0,1,0,0,0,1,1,0,1,0,1,0,0,0,1,1,1,0,0,0,1,1,0,0,0,1,1,1,1,1,1,1,0,0,0,0,1,0,1,0,1,1,0,0,0,-64.25
1,0,0,1,0,1,1,1,0,0,0,1,1,0,1,1,1,0,1,0,0,1,1,0,1,0,1,1,1,0,0,0,1,1,0,1,1,1,0,1,1,1,1,1,1,0,1,0,1,0,0,1,1,0,0,1,1,1,0,0,0,1,0,1,1,1,0,1,0,0,0,1,0,0,1,1,0,0,1,0,0,-65.25
1,0,1,1,0,0,0,0,0,1,1,1,1,0,0,1,0,0,1,0,0,0,1,0,1,0,1,0,1,0,1,0,1,1,0,1,0,1,0,1,1,1,1,1,1,0,1,0,1,0,1,1,1,0,0,0,1,1,0,0,0,1,0,0,1,1,0,1,0,0,0,0,0,0,1,1,1,0,1,0,0,-65.5
0,1,0,1,1,0,0,0,0,0,1,1,1,0,0,1,0,0,1,0,0,1,1,0,0,0,1,1,1,0,1,1,0,1,0,1,0,0,0,0,0,1,1,0,1,0,1,0,0,1,1,1,1,0,1,1,1,1,1,0,0,1,0,1,1,1,0,0,0,1,0,0,1,0,1,1,1,1,0,0,0,-73.75
1,1,0,1,1,0,0,0,0,0,1,1,1,0,0,0,0,0,1,0,0,1,0,0,0,0,1,0,1,0,1,1,0,1,0,1,1,0,0,1,0,0,1,0,1,1,0,0,0,0,1,1,1,1,0,0,0,0,1,1,0,1,0,0,1,1,1,1,0,1,0,1,1,0,1,0,1,0,0,0,0,-67.75
1,0,1,1,1,0,1,1,0,0,1,1,1,0,0,1,0,0,1,0,0,1,1,0,0,0,1,1,1,0,1,0,1,1,0,1,0,1,0,0,0,1,1,0,1,0,1,0,1,1,1,1,1,1,1,0,1,0,0,0,0,1,1,1,1,1,1,1,0,1,0,0,1,0,1,0,1,1,0,0,0,-71.75
1,1,0,1,1,0,0,0,0,0,0,1,1,0,0,1,0,0,1,1,0,1,0,0,1,0,1,0,1,0,1,0,1,1,0,0,1,0,0,0,0,1,1,1,1,0,0,0,0,0,1,1,1,0,0,0,0,0,0,0,0,1,0,1,1,1,0,0,0,1,0,0,0,0,1,1,1,1,1,0,1,-79.25
1,0,1,1,1,0,0,1,0,0,1,1,1,0,0,1,0,0,1,0,0,1,1,0,0,0,0,1,1,0,1,0,1,1,0,0,1,1,0,1,0,0,1,0,1,1,1,0,0,1,1,1,1,0,0,0,1,1,1,0,0,1,0,1,1,1,1,0,0,1,0,0,0,0,1,0,1,1,1,0,1,-74.0
1,0,1,1,1,0,0,0,0,0,0,1,1,0,0,1,0,0,1,0,0,1,1,0,1,0,1,1,1,0,1,0,0,1,0,1,0,1,0,1,0,0,1,0,1,0,1,0,0,1,1,1,1,0,0,0,1,1,1,0,0,1,0,1,1,1,0,0,0,0,0,0,0,0,1,0,1,1,1,0,1,-67.25
1,0,1,1,0,0,1,1,0,1,1,1,1,0,1,1,0,0,1,0,0,1,1,0,0,0,0,1,1,0,0,0,1,1,0,0,1,1,0,1,0,0,1,1,1,0,1,0,1,1,1,1,1,0,0,0,1,1,1,0,0,1,1,0,1,1,1,1,0,0,0,0,1,0,1,1,0,0,1,0,0,-79.5
